county,dti_ratio,ratio_confidence,area_median_dti,error
Abbeville Sc,2.35,0.72,2.15,
Acadia La,2.143,0.678,2.354,
Accomack Va,2.351,0.743,2.115,
Adair Ky,1.351,0.742,1.234,
Adair Mo,2.35,0.78,2.17,
Adair Ia,2.15,0.8,1.85,
Adair Ok,2.123,0.753,2.351,
Adams Co,2.12,0.731,2.45,
Ada Id,1.854,,,
Adams Ia,2.125,0.812,2.351,
Adams Id,1.85,0.65,1.35,
Adams Il,1.854,0.764,1.343,
Adams Ms,1.85,0.65,1.3,
Adams In,2.124,0.764,2.345,
Adams Nd,2.123,0.765,2.351,
Adams Oh,2.123,0.678,2.456,
Adams Ne,2.351,0.822,2.147,
Adams Pa,1.354,0.623,1.235,
Adams Wi,1.85,0.75,1.32,
Adams Wa,1.42,0.621,1.234,
Addison Vt,2.35,0.82,2.11,
Aguada Pr,1.345,0.623,1.219,
Adjuntas Pr,1.231,0.654,1.456,
Aguadilla Pr,2.354,0.742,2.125,
Aguas Buenas Pr,1.354,0.734,1.216,
Aiken Sc,2.143,0.621,2.456,
Aitkin Mn,1.85,0.65,1.55,
Aibonito Pr,2.117,0.763,2.357,
Alamance Nc,1.854,0.672,1.432,
Alameda Ca,2.115,0.657,1.823,
Alachua Fl,1.85,0.75,1.35,
Alamosa Co,2.143,0.763,2.321,
Albany Wy,2.217,0.764,1.854,
Albany Ny,1.85,0.65,1.28,
Alcona Mi,1.351,0.823,1.214,
Alcorn Ms,1.345,0.623,1.215,
Albemarle Va,1.234,0.678,1.215,
Aleutians East Ak,1.854,0.623,1.345,
Aleutians West Ak,2.354,0.671,2.124,
Alexander Il,2.321,0.854,2.119,
Alexander Nc,1.352,0.734,1.213,
Alexandria Va,1.234,0.678,1.421,
Alfalfa Ok,2.15,0.65,2.45,
Alger Mi,2.12,0.671,2.331,
Allegan Mi,2.15,0.823,2.35,
Allamakee Ia,2.141,0.761,2.321,
Allegany Md,1.85,0.729,1.421,
Allegany Ny,2.123,0.823,2.456,
Allegheny Pa,2.15,0.621,2.375,
Alleghany Nc,2.321,0.752,2.141,
Alleghany Va,2.124,0.761,2.351,
Allen In,2.35,0.82,2.15,
Allen Ks,1.821,0.732,1.434,
Allen Ky,1.857,0.823,1.354,
Allen La,1.823,0.752,2.115,
Allen Oh,1.85,0.785,1.45,
Allendale Sc,1.35,0.67,1.25,
Alpena Mi,1.85,0.785,1.32,
Alpine Ca,2.35,0.753,2.55,
Amelia Va,1.821,0.741,1.454,
Amador Ca,2.35,0.65,2.55,
Amherst Va,2.12,0.85,2.34,
Amite Ms,2.275,0.823,2.123,
Anchorage Ak,2.15,0.678,2.351,
Añasco Pr,2.125,0.675,2.45,
Anderson Ks,2.125,0.678,2.351,
Anderson Ky,1.854,0.732,1.445,
Anderson Sc,2.141,0.821,2.351,
Anderson Tn,1.85,0.621,1.45,
Andrew Mo,2.127,0.853,2.345,
Anderson Tx,1.854,0.742,1.345,
Andrews Tx,2.35,0.75,2.123,
Angelina Tx,2.215,0.823,2.124,
Anne Arundel Md,1.654,0.823,1.351,
Androscoggin Me,1.852,0.741,2.145,
Anoka Mn,1.854,0.764,2.145,
Anson Nc,1.824,0.763,1.345,
Antelope Ne,1.85,0.65,1.32,
Antrim Mi,1.85,0.729,1.425,
Apache Az,2.123,0.732,1.987,
Appling Ga,1.85,0.621,1.421,
Appanoose Ia,2.123,0.756,2.415,
Appomattox Va,2.125,0.627,2.354,
Aransas Tx,2.117,0.763,1.854,
Archer Tx,2.35,0.82,2.17,
Archuleta Co,2.35,0.85,2.45,
Arapahoe Co,1.85,0.65,1.42,
Arenac Mi,2.143,0.623,2.185,
Arkansas Ar,2.352,0.741,2.117,
Arecibo Pr,2.215,0.823,2.354,
Armstrong Tx,1.854,0.623,1.441,
Arlington Va,2.12,0.82,2.35,
Armstrong Pa,2.341,0.823,2.155,
Arroyo Pr,1.85,0.65,1.45,
Arthur Ne,2.12,0.74,2.33,
Aroostook Me,2.15,0.83,1.95,
Ascension La,2.143,0.671,1.857,
Ashe Nc,1.351,0.823,1.425,
Ashland Wi,1.854,0.741,1.325,
Ashland Oh,1.854,0.623,1.354,
Ashley Ar,2.351,0.763,2.117,
Asotin Wa,2.354,0.823,2.117,
Ashtabula Oh,2.15,0.623,2.321,
Assumption La,2.321,0.753,2.159,
Atchison Mo,2.125,0.625,2.475,
Atascosa Tx,2.15,0.625,2.275,
Atchison Ks,2.123,0.654,1.854,
Athens Oh,1.234,0.678,1.456,
Atkinson Ga,2.12,0.78,2.32,
Atlantic Nj,1.542,0.756,1.231,
Attala Ms,1.654,0.742,1.231,
Atoka Ok,1.342,0.621,1.123,
Audrain Mo,1.854,0.753,2.135,
Audubon Ia,1.35,0.75,1.42,
Augusta Va,1.85,0.623,1.345,
Aurora Sd,1.234,0.678,1.456,
Auglaize Oh,2.143,0.621,2.175,
Austin Tx,2.12,0.761,1.857,
Autauga Al,1.85,0.783,1.321,
Avoyelles La,2.35,0.85,2.12,
Avery Nc,2.123,0.741,2.555,
Baca Co,1.854,0.621,1.342,
Bacon Ga,1.854,0.761,1.321,
Bailey Tx,1.85,0.785,1.45,
Baker Ga,2.115,0.623,1.855,
Baker Or,2.143,0.657,2.421,
Baker Fl,2.351,0.823,1.954,
Ballard Ky,1.823,0.754,1.431,
Baldwin Ga,2.35,0.82,2.05,
Baldwin Al,1.857,0.621,2.136,
Bandera Tx,1.854,0.743,1.321,
Bamberg Sc,1.234,0.678,1.145,
Baltimore Md,2.123,0.857,2.456,
Banks Ga,2.12,0.671,2.35,
Banner Ne,2.12,0.621,2.31,
Baraga Mi,1.654,0.732,1.275,
Bannock Id,2.341,0.821,2.115,
Barber Ks,1.857,0.763,1.934,
Barbour Al,2.123,0.657,2.431,
Barbour Wv,2.351,0.741,2.147,
Barceloneta Pr,2.15,0.623,1.82,
Barnes Nd,1.854,0.621,1.444,
Barnstable Ma,2.127,0.823,2.451,
Barnwell Sc,1.82,0.652,1.35,
Barren Ky,1.85,0.65,2.3,
Barron Wi,1.854,0.823,1.441,
Barranquitas Pr,1.85,0.657,1.32,
Barrow Ga,2.35,0.72,2.17,
Barry Mi,2.123,0.823,2.541,
Bartholomew In,2.321,0.752,2.145,
Barry Mo,2.15,0.62,1.91,
Barton Ks,1.85,0.75,1.35,
Barton Mo,1.234,0.756,1.234,
Bartow Ga,1.234,0.678,1.823,
Bastrop Tx,1.85,0.623,1.456,
Bates Mo,2.15,0.621,2.351,
Bath Ky,2.35,0.7,2.15,
Bath Va,1.85,0.65,1.35,
Baxter Ar,2.117,0.623,2.354,
Bay Fl,1.854,0.734,1.432,
Bayamón Pr,2.125,0.657,2.421,
Bayfield Wi,2.321,0.765,2.143,
Bay Mi,2.351,0.753,2.147,
Baylor Tx,2.351,0.823,2.175,
Beadle Sd,1.85,0.75,1.32,
Bear Lake Id,1.854,0.623,1.444,
Beaufort Sc,1.35,0.823,1.219,
Beauregard La,1.835,0.623,1.419,
Beaufort Nc,2.143,0.671,2.221,
Beaver Pa,2.125,0.675,1.895,
Beaver Ok,2.35,0.85,2.15,
Beaver Ut,2.125,0.625,2.375,
Beaverhead Mt,2.15,0.65,2.25,
Beckham Ok,2.35,0.62,2.12,
Becker Mn,2.125,0.675,2.456,
Bedford Tn,2.125,0.823,2.475,
Bedford Pa,2.12,0.741,2.35,
Bee Tx,2.35,0.8,2.12,
Bedford Va,2.321,0.742,2.456,
Belknap Nh,2.12,0.82,2.38,
Bell Ky,1.35,0.82,1.42,
Belmont Oh,1.42,0.671,1.35,
Bell Tx,1.854,0.753,2.116,
Beltrami Mn,1.82,0.631,1.44,
Ben Hill Ga,2.125,0.675,2.425,
Benewah Id,1.352,0.823,1.456,
Bennett Sd,1.234,0.689,1.456,
Bennington Vt,1.85,0.62,1.31,
Benson Nd,1.354,0.753,1.123,
Bent Co,2.351,0.822,2.125,
Benton Ia,1.35,0.678,1.215,
Benton In,2.145,0.857,2.351,
Benton Mn,1.854,0.741,1.442,
Benton Ar,1.854,0.621,1.425,
Benton Ms,2.125,0.678,2.421,
Benton Mo,2.15,0.75,2.35,
Benton Or,1.852,0.654,1.321,
Benton Tn,2.12,0.72,2.45,
Benzie Mi,2.123,0.734,2.456,
Benton Wa,2.123,0.761,2.451,
Berkeley Sc,1.82,0.742,1.351,
Berkeley Wv,2.215,0.785,1.845,
Bergen Nj,1.35,0.72,1.23,
Berks Pa,2.143,0.823,2.357,
Berkshire Ma,2.124,0.734,2.345,
Bernalillo Nm,1.854,0.742,1.345,
Berrien Ga,1.654,0.741,1.354,
Berrien Mi,2.125,0.675,2.425,
Bertie Nc,1.823,0.732,1.351,
Bexar Tx,2.35,0.75,2.125,
Bethel Ak,1.352,0.812,1.219,
Bibb Al,2.143,0.671,1.843,
Bibb Ga,1.85,0.75,1.35,
Bienville La,2.125,0.785,2.425,
Big Horn Mt,1.854,0.732,1.432,
Big Horn Wy,2.123,0.671,1.987,
Big Stone Mn,1.821,0.657,1.432,
Billings Nd,1.854,0.734,1.423,
Bingham Id,1.85,0.623,1.341,
Blackford In,1.85,0.75,1.42,
Black Hawk Ia,2.145,0.623,1.855,
Bladen Nc,1.854,0.621,1.342,
Blaine Mt,2.35,0.75,2.125,
Blaine Id,2.15,0.821,1.854,
Blaine Ne,2.123,0.789,2.456,
Blaine Ok,2.123,0.678,2.456,
Blair Pa,2.15,0.75,2.32,
Bleckley Ga,2.35,0.82,1.82,
Blanco Tx,1.234,0.765,1.456,
Bland Va,1.857,0.763,1.425,
Blount Tn,2.351,0.764,2.145,
Blount Al,1.857,0.821,1.354,
Blue Earth Mn,1.351,0.632,1.421,
Bledsoe Tn,2.143,0.654,2.321,
Bolivar Ms,1.42,0.623,1.381,
Boise Id,2.145,0.621,2.354,
Bollinger Mo,1.823,0.623,1.345,
Bon Homme Sd,1.42,0.753,1.243,
Bond Il,2.351,0.821,2.125,
Bonner Id,1.85,0.75,1.45,
Bonneville Id,1.85,0.65,1.35,
Boone Ar,1.857,0.742,1.432,
Boone Ia,2.12,0.821,2.354,
Boone In,2.121,0.671,2.454,
Boone Ky,2.12,0.621,1.95,
Boone Il,1.345,0.672,1.821,
Boone Ne,1.351,0.623,1.425,
Boone Mo,2.15,0.75,2.425,
Borden Tx,2.15,0.678,2.321,
Bosque Tx,2.341,0.821,2.145,
Bossier La,2.352,0.817,2.154,
Boone Wv,1.854,0.823,1.432,
Botetourt Va,2.35,0.82,2.12,
Boulder Co,1.854,0.763,1.425,
Bottineau Nd,1.823,0.755,1.345,
Bourbon Ks,2.115,0.654,2.352,
Bourbon Ky,1.35,0.7,1.25,
Bowie Tx,2.123,0.678,2.475,
Boundary Id,1.854,0.678,2.12,'dti_ratio'
Bowman Nd,2.123,0.756,2.456,
Box Butte Ne,2.35,0.7,2.15,
Boyd Ky,1.854,0.741,1.323,
Box Elder Ut,2.35,0.75,2.15,
Boyd Ne,2.123,0.678,2.456,
Boyle Ky,1.35,0.75,2.15,
Bracken Ky,2.35,0.85,2.12,
Bradford Pa,1.542,0.823,1.345,
Bradford Fl,2.35,0.75,2.125,
Bradley Tn,2.115,0.657,2.356,
Bradley Ar,1.85,0.65,2.05,
Braxton Wv,2.15,0.623,2.351,
Brantley Ga,2.35,0.82,2.17,
Brazoria Tx,1.654,0.823,1.357,
Branch Mi,2.321,0.821,2.145,
Brazos Tx,2.143,0.823,2.351,
Breckinridge Ky,1.542,0.821,1.325,
Breathitt Ky,2.142,0.785,2.456,
Bremer Ia,2.15,0.63,1.82,
Brewster Tx,2.12,0.621,2.35,
Briscoe Tx,2.15,0.75,2.45,
Bristol Bay Ak,1.854,0.742,1.423,
Brevard Fl,1.857,0.623,2.135,
Bristol Ri,2.12,0.62,2.24,
Bristol Va,1.852,0.734,1.345,
Broadwater Mt,2.352,0.741,2.117,
Bristol Ma,1.654,0.753,1.231,
Brooke Wv,2.217,0.821,2.115,
Brookings Sd,2.123,0.678,1.901,
Bronx Ny,2.321,0.761,2.151,
Brooks Ga,2.15,0.75,2.45,
Brooks Tx,2.125,0.857,2.321,
Broome Ny,2.275,0.823,2.145,
Broomfield Co,1.654,0.742,1.357,
Brown Il,2.321,0.854,2.141,
Brown In,2.143,0.754,2.456,
Broward Fl,2.35,0.75,2.55,
Brown Ks,2.217,0.654,2.141,
Brown Mn,2.35,0.74,2.12,
Brown Ne,2.15,0.85,2.35,
Brown Oh,1.852,0.823,1.425,
Brown Sd,2.12,0.74,2.34,
Brown Tx,1.354,0.821,1.247,
Brown Wi,2.321,0.854,2.135,
Brule Sd,2.145,0.823,2.357,
Brunswick Va,2.35,0.82,2.55,
Brunswick Nc,2.275,0.821,2.115,
Bryan Ga,2.215,0.755,2.125,
Bryan Ok,2.142,0.754,2.185,
Buchanan Ia,2.352,0.743,2.145,
Buchanan Va,2.12,0.671,1.854,
Buckingham Va,1.857,0.743,1.394,
Buchanan Mo,1.857,0.731,1.344,
Bucks Pa,1.85,0.82,1.42,
Buena Vista Ia,2.15,0.623,1.925,
Buffalo Ne,1.35,0.75,1.22,
Buena Vista Va,1.82,0.741,1.341,
Buffalo Sd,1.42,0.654,1.381,
Bullitt Ky,2.123,0.854,2.456,
Bulloch Ga,1.854,0.763,1.425,
Bullock Al,2.15,0.65,2.35,
Buffalo Wi,2.124,0.823,1.945,
Buncombe Nc,2.143,0.821,2.354,
Bureau Il,1.351,0.623,1.243,
Burke Ga,2.15,0.65,1.8,
Burke Nc,1.857,0.734,1.341,
Burke Nd,1.824,0.741,1.432,
Burleigh Nd,2.123,0.678,2.456,
Burnet Tx,1.857,0.632,1.421,
Burlington Nj,2.123,0.734,2.145,
Burleson Tx,1.354,0.763,1.235,
Burnett Wi,2.275,0.821,2.153,
Burt Ne,1.354,0.623,1.234,
Butler Al,1.234,0.678,1.421,
Butler Ia,2.124,0.741,2.145,
Butler Ks,1.854,0.671,1.421,
Butler Ky,1.857,0.628,1.354,
Butler Mo,1.82,0.621,1.456,
Butler Ne,2.321,0.753,2.158,
Butler Oh,2.15,0.65,2.35,
Butte Id,2.352,0.753,2.115,
Butler Pa,1.854,0.732,1.351,
Butte Ca,2.215,0.822,2.143,
Butte Sd,1.854,0.712,1.345,
Cabarrus Nc,1.354,0.678,1.236,
Cabell Wv,1.85,0.65,1.45,
Butts Ga,2.15,0.62,2.35,
Cabo Rojo Pr,2.12,0.62,2.15,
Cache Ut,1.823,0.741,2.117,
Caddo La,2.143,0.753,2.354,
Caddo Ok,1.854,0.763,1.456,
Calcasieu La,1.857,0.823,1.444,
Caguas Pr,1.842,0.621,2.135,
Calaveras Ca,2.124,0.832,2.354,
Caldwell Ky,2.127,0.754,2.441,
Caldwell Mo,2.125,0.687,1.925,
Caldwell La,2.217,0.621,2.135,
Caldwell Tx,1.82,0.731,1.35,
Caldwell Nc,1.85,0.75,1.45,
Caledonia Vt,1.854,0.764,1.341,
Calhoun Al,1.82,0.731,1.442,
Calhoun Ar,2.12,0.761,2.35,
Calhoun Fl,2.124,0.742,2.351,
Calhoun Ga,2.127,0.823,2.354,
Calhoun Il,1.351,0.628,1.231,
Calhoun Mi,2.351,0.823,2.175,
Calhoun Ia,2.351,0.623,2.143,
Calhoun Ms,2.12,0.65,2.35,
Calhoun Tx,2.15,0.65,2.32,
Calhoun Sc,1.854,0.672,1.343,
Callahan Tx,2.127,0.763,1.935,
Calhoun Wv,2.117,0.763,2.345,
Callaway Mo,2.15,0.85,2.45,
Calloway Ky,2.145,0.675,1.935,
Calvert Md,2.127,0.755,2.456,
Calumet Wi,1.345,0.621,1.217,
Camas Id,2.123,0.821,2.453,
Camden Mo,2.124,0.823,2.345,
Cambria Pa,1.654,0.823,1.357,
Camden Ga,2.35,0.8,2.15,
Camden Nc,2.124,0.857,2.341,
Cameron Pa,2.35,0.75,2.15,
Camden Nj,2.15,0.75,2.4,
Cameron La,2.123,0.753,2.456,
Campbell Ky,1.342,0.742,1.187,
Camp Tx,2.123,0.654,1.876,
Cameron Tx,2.35,0.75,2.12,
Campbell Sd,1.351,0.623,1.245,
Campbell Va,1.354,0.672,1.275,
Campbell Tn,1.82,0.743,1.354,
Camuy Pr,1.351,0.628,1.225,
Campbell Wy,2.127,0.823,2.454,
Canadian Ok,2.12,0.65,2.35,
Cannon Tn,2.35,0.621,2.123,
Candler Ga,2.145,0.732,1.854,
Canóvanas Pr,2.12,0.741,2.32,
Cape Girardeau Mo,2.15,0.65,2.32,
Cape May Nj,2.12,0.753,2.35,
Carbon Mt,2.123,0.854,2.456,
Capitol Ct,2.341,0.623,2.155,
Carbon Pa,2.275,0.657,2.123,
Carbon Ut,1.854,0.621,1.432,
Carbon Wy,1.85,0.623,1.432,
Canyon Id,1.854,,,
Caribou Id,2.35,0.83,2.45,
Carlisle Ky,2.143,0.761,2.235,
Carlton Mn,1.85,0.65,1.45,
Caroline Va,1.854,0.741,1.341,
Carolina Pr,2.117,0.623,1.943,
Caroline Md,1.654,0.753,1.283,
Carroll Ga,1.852,0.753,1.431,
Carroll Ar,1.854,0.632,1.342,
Carroll Ia,1.854,0.632,1.424,
Carroll Ky,2.127,0.734,2.354,
Carroll Il,2.121,0.671,2.354,
Carroll In,2.341,0.752,2.123,
Carroll Md,2.321,0.753,2.141,
Carroll Ms,2.145,0.782,2.456,
Carroll Mo,1.85,0.82,2.13,
Carroll Nh,2.142,0.823,2.357,
Carroll Tn,1.824,0.753,1.435,
Carroll Oh,2.125,0.678,1.935,
Carroll Va,2.351,0.742,1.821,
Carson City Nv,2.143,0.823,2.321,
Carson Tx,2.35,0.82,2.12,
Carter Ky,2.275,0.822,2.117,
Carter Mt,2.35,0.623,2.143,
Carter Mo,1.854,0.731,1.425,
Carter Ok,2.123,0.821,2.451,
Carteret Nc,2.351,0.764,2.127,
Carver Mn,1.354,0.623,1.234,
Carter Tn,1.85,0.65,1.42,
Cascade Mt,2.15,0.82,2.32,
Casey Ky,1.853,0.823,1.421,
Cass Ia,2.35,0.621,2.124,
Cass Il,2.123,0.876,1.987,
Cass Mi,1.854,0.763,1.434,
Cass Mn,2.142,0.854,2.341,
Cass In,1.854,0.623,1.343,
Cass Mo,2.215,0.857,2.051,
Cass Nd,1.85,0.62,1.38,
Cass Tx,1.854,0.621,1.351,
Cass Ne,1.234,0.678,1.456,
Cassia Id,2.345,0.789,2.118,
Caswell Nc,2.127,0.853,2.115,
Castro Tx,2.35,0.65,2.15,
Catahoula La,1.823,0.753,2.114,
Cataño Pr,1.854,0.742,1.245,
Catawba Nc,2.141,0.756,2.321,
Catron Nm,1.35,0.789,1.219,
Catoosa Ga,1.85,0.75,1.35,
Cavalier Nd,1.85,0.625,1.275,
Cayey Pr,1.857,0.823,1.442,
Cattaraugus Ny,2.351,0.734,2.125,
Cayuga Ny,2.12,0.65,2.15,
Cedar Ia,2.123,0.678,1.854,
Cecil Md,2.124,0.732,1.943,
Cedar Mo,2.217,0.621,1.813,
Cedar Ne,2.143,0.823,2.275,
Ceiba Pr,2.35,0.627,2.117,
Centre Pa,2.123,0.732,2.351,
Cerro Gordo Ia,1.85,0.623,1.42,
Chaffee Co,2.35,0.82,2.55,
Chambers Tx,1.342,0.623,1.854,
Chambers Al,2.12,0.623,2.35,
Champaign Il,1.351,0.628,1.234,
Chariton Mo,2.12,0.83,2.45,
Champaign Oh,2.12,0.78,2.34,
Charles City Va,1.854,0.743,1.321,
Charles Md,1.854,0.763,1.325,
Charles Mix Sd,1.35,0.621,1.234,
Charlevoix Mi,1.854,0.621,1.321,
Charleston Sc,2.125,0.675,2.275,
Charlotte Fl,1.854,0.742,1.324,
Charlotte Va,2.217,0.823,2.151,
Charlton Ga,2.145,0.628,2.123,
Charlottesville Va,1.852,0.763,1.442,
Chase Ks,2.12,0.621,1.85,
Chase Ne,1.854,0.763,1.345,
Chatham Ga,1.351,0.621,1.428,
Chattooga Ga,2.275,0.812,2.135,
Chatham Nc,1.852,0.734,1.421,
Chattahoochee Ga,1.35,0.621,1.221,
Chautauqua Ks,2.141,0.632,2.235,
Chaves Nm,2.143,0.753,2.351,
Chautauqua Ny,2.143,0.623,1.876,
Cheboygan Mi,2.351,0.783,2.115,
Cheatham Tn,2.35,0.82,2.15,
Chelan Wa,1.85,0.75,1.32,
Chenango Ny,2.321,0.853,2.105,
Chemung Ny,1.854,0.753,1.456,
Cherokee Al,2.12,0.741,2.35,
Cherokee Ga,1.35,0.62,1.41,
Cherokee Ia,1.85,0.65,1.32,
Cherokee Ks,2.124,0.734,2.421,
Cherokee Nc,1.85,0.72,1.35,
Cherokee Sc,2.35,0.621,2.123,
Cherokee Tx,2.341,0.753,2.124,
Cherokee Ok,1.85,0.62,1.43,
Cherry Ne,2.15,0.621,2.352,
Chesapeake Va,2.215,0.823,1.983,
Chester Pa,1.854,0.753,1.425,
Chester Sc,2.143,0.734,1.876,
Cheshire Nh,2.275,0.823,2.145,
Chester Tn,2.35,0.83,1.95,
Chesterfield Sc,2.123,0.876,2.456,
Chesterfield Va,1.82,0.742,1.357,
Cheyenne Ks,2.15,0.73,2.23,
Cheyenne Co,1.854,0.734,1.456,
Chickasaw Ia,1.82,0.632,1.44,
Cheyenne Ne,1.234,0.678,1.567,
Chickasaw Ms,2.117,0.654,2.355,
Chicot Ar,2.35,0.75,2.125,
Childress Tx,2.15,0.65,2.35,
Chilton Al,1.85,0.678,1.32,
Chippewa Mi,1.854,0.823,1.434,
Chippewa Mn,2.125,0.675,1.925,
Chippewa Wi,1.352,0.764,1.234,
Choctaw Al,2.341,0.823,2.151,
Chisago Mn,2.145,0.823,2.351,
Chittenden Vt,2.123,0.657,1.842,
Chouteau Mt,2.125,0.812,2.357,
Choctaw Ms,2.35,0.65,2.12,
Choctaw Ok,2.341,0.741,2.145,
Chowan Nc,1.35,0.65,1.23,
Christian Ky,2.351,0.623,1.934,
Christian Il,2.35,0.82,2.15,
Christian Mo,1.82,0.75,1.45,
Chugach Ak,1.35,0.621,1.42,
Churchill Nv,2.143,0.823,2.517,
Ciales Pr,2.351,0.742,1.895,
Cibola Nm,2.35,0.75,2.15,
Cidra Pr,1.35,0.657,1.23,
Cimarron Ok,2.124,0.742,1.854,
Citrus Fl,2.35,0.75,2.15,
Clackamas Or,2.35,0.75,2.15,
Claiborne La,2.321,0.751,2.123,
Claiborne Tn,1.654,0.734,1.351,
Claiborne Ms,2.345,0.785,2.156,
Clallam Wa,2.35,0.823,2.12,
Clare Mi,2.123,0.854,2.456,
Clarendon Sc,1.824,0.753,1.452,
Clarion Pa,1.85,0.742,1.351,
Clark Id,1.823,0.621,1.354,
Clark Ar,2.124,0.832,2.145,
Clark Il,1.85,0.75,1.45,
Clark Ks,1.857,0.823,1.444,
Clark Ky,2.124,0.823,2.354,
Clark In,1.854,0.732,1.351,
Clark Mo,2.12,0.731,2.351,
Clark Nv,2.117,0.823,1.853,
Clark Sd,1.234,0.621,1.456,
Clark Wa,1.854,0.731,1.342,
Clark Oh,1.85,0.75,2.12,
Clark Wi,1.854,0.712,1.321,
Clarke Ia,2.12,0.62,1.96,
Clarke Ga,1.342,0.761,1.219,
Clarke Ms,1.82,0.734,1.451,
Clarke Al,1.354,0.623,1.275,
Clarke Va,2.15,0.82,2.35,
Clay Al,2.352,0.742,2.117,
Clatsop Or,1.857,0.623,1.434,
Clay Ar,2.35,0.85,2.15,
Clay Fl,2.142,0.753,2.475,
Clay Ia,2.15,0.65,2.275,
Clay Ga,2.351,0.823,2.127,
Clay Il,1.85,0.65,1.45,
Clay Ks,2.12,0.82,2.35,
Clay In,1.854,0.671,1.423,
Clay Ky,2.352,0.823,2.157,
Clay Mo,2.321,0.741,2.155,
Clay Mn,2.15,0.8,2.42,
Clay Ms,2.127,0.821,1.876,
Clay Nc,2.117,0.623,2.345,
Clay Ne,2.321,0.789,2.154,
Clay Sd,2.124,0.853,2.441,
Clay Tn,2.12,0.821,2.15,
Clayton Ga,2.12,0.75,2.3,
Clay Wv,2.35,0.75,2.1,
Clay Tx,2.15,0.821,1.943,
Clayton Ia,1.854,0.742,1.345,
Clearfield Pa,1.351,0.623,1.243,
Clear Creek Co,2.12,0.62,2.43,
Clearwater Id,2.35,0.65,1.82,
Cleburne Ar,1.35,0.678,1.219,
Cleburne Al,2.341,0.752,2.117,
Clearwater Mn,2.123,0.732,2.456,
Clermont Oh,2.15,0.85,2.425,
Cleveland Ar,2.35,0.75,2.125,
Cleveland Nc,2.123,0.678,2.345,
Clinton Ia,2.321,0.753,2.114,
Clinch Ga,1.854,0.621,1.351,
Clinton Il,2.141,0.753,2.356,
Clinton In,2.35,0.62,2.12,
Clinton Ky,1.354,0.657,1.234,
Cleveland Ok,1.854,0.621,2.456,
Clinton Mo,2.127,0.753,1.854,
Clinton Mi,1.854,0.761,1.442,
Clinton Pa,2.12,0.753,2.351,
Clinton Ny,1.823,0.732,1.445,
Clinton Oh,2.117,0.823,2.351,
Cloud Ks,1.345,0.823,1.217,
Coahoma Ms,2.12,0.82,2.42,
Coal Ok,2.15,0.82,2.31,
Coamo Pr,2.123,0.732,2.415,
Cochise Az,1.854,0.723,2.131,
Cobb Ga,1.854,0.623,1.321,
Cocke Tn,2.35,0.783,2.123,
Cochran Tx,2.117,0.823,2.354,
Coconino Az,2.15,0.62,2.33,
Codington Sd,2.215,0.822,2.125,
Coffee Ga,1.234,0.567,1.123,
Coffee Al,2.141,0.823,2.115,
Coffee Tn,2.341,0.761,2.156,
Coke Tx,1.854,0.623,1.354,
Coffey Ks,2.115,0.623,2.354,
Coleman Tx,2.143,0.823,1.934,
Cole Mo,2.117,0.623,2.357,
Colbert Al,1.824,0.751,1.356,
Coles Il,1.85,0.65,1.31,
Colfax Nm,2.351,0.813,2.115,
Colfax Ne,2.12,0.82,3.15,
Colleton Sc,2.35,0.75,2.12,
Collier Fl,2.127,0.854,2.351,
Collingsworth Tx,2.15,0.621,2.354,
Collin Tx,1.857,0.822,1.345,
Colonial Heights Va,1.854,0.732,1.325,
Colorado Tx,1.854,0.672,1.431,
Colquitt Ga,2.127,0.752,2.345,
Columbia Ar,2.217,0.742,2.351,
Columbia Fl,2.15,0.85,2.35,
Columbia Ga,2.35,0.65,2.12,
Columbia Or,2.35,0.82,2.11,
Columbia Ny,1.351,0.623,1.245,
Columbia Pa,1.854,0.734,1.432,
Columbia Wa,2.124,0.756,2.345,
Columbia Wi,1.854,0.731,1.444,
Columbiana Oh,1.35,0.7,1.8,
Colusa Ca,2.115,0.753,2.234,
Comal Tx,1.82,0.654,1.351,
Comanche Ks,2.12,0.75,2.23,
Comanche Ok,1.824,0.657,1.444,
Columbus Nc,2.123,0.823,2.456,
Comanche Tx,2.35,0.812,2.15,
Comerío Pr,1.351,0.734,1.213,
Concordia La,1.85,0.623,1.32,
Concho Tx,2.123,0.857,2.351,
Conecuh Al,2.275,0.623,2.115,
Conejos Co,2.145,0.812,2.123,
Contra Costa Ca,2.35,0.82,2.15,
Converse Wy,2.123,0.621,2.542,
Conway Ar,1.842,0.753,1.423,
Cook Ga,2.321,0.821,2.156,
Cook Il,1.452,0.823,2.111,
Cook Mn,1.85,0.62,1.22,
Cooke Tx,2.275,0.812,1.825,
Cooper Mo,2.35,0.742,2.15,
Coos Nh,1.854,0.621,1.434,
Coosa Al,2.143,0.623,2.215,
Coos Or,1.85,0.72,1.44,
Copiah Ms,1.854,0.732,1.421,
Copper River Ak,1.823,0.741,1.441,
Corozal Pr,1.854,0.672,1.321,
Corson Sd,2.35,0.85,2.13,
Coryell Tx,1.854,0.763,1.431,
Coshocton Oh,2.125,0.625,2.425,
Costilla Co,1.452,0.823,1.321,
Cottle Tx,2.215,0.752,2.145,
Cortland Ny,2.15,0.678,2.345,
Cotton Ok,2.15,0.85,2.35,
Covington Ms,2.15,0.75,2.425,
Cottonwood Mn,1.85,0.823,2.117,
Covington Al,1.85,0.627,1.351,
Coweta Ga,1.85,0.82,1.42,
Cowley Ks,2.15,0.65,2.35,
Covington Va,2.125,0.687,1.943,
Cowlitz Wa,1.821,0.753,1.456,
Craig Va,2.123,0.789,2.354,
Craig Ok,1.853,0.623,1.433,
Crane Tx,1.854,0.754,1.345,
Craighead Ar,2.12,0.82,2.35,
Crawford Ar,2.35,0.72,2.12,
Crawford Ia,2.125,0.785,2.425,
Craven Nc,1.85,0.742,1.35,
Crawford Ga,1.854,0.672,1.425,
Crawford Il,2.143,0.621,2.345,
Crawford In,2.354,0.823,2.115,
Crawford Mi,2.143,0.823,2.415,
Crawford Ks,1.35,0.72,1.45,
Crawford Mo,2.125,0.623,2.351,
Crawford Oh,2.141,0.823,2.514,
Crawford Wi,1.85,0.62,1.38,
Crawford Pa,2.15,0.65,1.85,
Creek Ok,1.852,0.678,2.143,
Crisp Ga,2.15,0.63,2.42,
Crenshaw Al,2.321,0.742,2.514,
Crittenden Ar,1.824,0.753,1.453,
Crittenden Ky,1.835,0.742,1.431,
Crockett Tx,2.35,0.7,1.85,
Crockett Tn,2.127,0.742,1.855,
Crook Or,2.143,0.754,2.317,
Crook Wy,2.321,0.761,2.142,
Crosby Tx,2.115,0.742,2.456,
Cross Ar,1.854,0.623,1.442,
Crow Wing Mn,1.857,0.621,1.432,
Culberson Tx,2.354,0.756,2.119,
Culebra Pr,1.45,0.625,1.875,
Crowley Co,2.123,0.621,2.456,
Cullman Al,0.875,0.678,1.234,
Cumberland Il,1.35,0.623,1.42,
Culpeper Va,2.127,0.743,2.352,
Cumberland Me,1.351,0.783,1.35,
Cumberland Ky,2.215,0.785,2.123,
Cumberland Nj,2.12,0.621,2.35,
Cumberland Nc,2.215,0.621,2.135,
Cumberland Pa,2.143,0.621,2.421,
Cumberland Tn,2.35,0.783,2.15,
Cumberland Va,1.85,0.62,1.32,
Cuming Ne,2.341,0.753,2.119,
Curry Nm,2.35,0.823,2.115,
Currituck Nc,1.85,0.752,1.425,
Custer Co,1.654,0.823,1.456,
Curry Or,1.234,0.876,1.123,
Custer Mt,2.143,0.621,2.351,
Custer Id,2.15,0.75,3.123,
Custer Ne,2.35,0.75,2.125,
Custer Ok,2.12,0.734,1.823,
Custer Sd,2.341,0.823,1.987,
Dade Ga,2.12,0.731,1.943,
Cuyahoga Oh,1.825,0.752,1.415,
Dade Mo,2.275,0.812,2.123,
Daggett Ut,2.35,0.82,2.15,
Dakota Ne,1.854,0.623,1.435,
Dale Al,2.35,0.75,2.15,
Dakota Mn,2.124,0.741,2.351,
Dallas Al,2.35,0.82,2.15,
Dallas Ar,1.342,0.623,1.185,
Dallam Tx,1.354,0.742,1.221,
Dallas Ia,2.12,0.857,2.341,
Dallas Mo,1.854,0.753,1.345,
Dane Wi,1.354,0.743,1.123,
Daniels Mt,2.321,0.654,2.145,
Danville Va,1.35,0.82,1.35,
Darke Oh,2.35,0.75,2.15,
Dare Nc,2.123,0.753,2.456,
Darlington Sc,2.35,0.85,2.12,
Dallas Tx,2.117,0.623,2.356,
Dauphin Pa,1.857,0.823,1.345,
Davidson Tn,1.234,0.678,1.456,
Davie Nc,2.145,0.672,2.321,
Davidson Nc,2.215,0.752,2.123,
Daviess Ky,2.115,0.657,2.321,
Daviess In,2.35,0.62,2.15,
Daviess Mo,1.35,0.67,1.45,
Davis Ia,1.854,0.723,2.117,
Davis Ut,2.35,0.75,1.95,
Davison Sd,2.352,0.621,2.143,
Dawes Ne,2.15,0.75,2.35,
Dawson Mt,1.85,0.65,1.31,
Dawson Ne,2.352,0.621,2.145,
Dawson Ga,2.125,0.75,2.225,
Dawson Tx,1.857,0.621,1.345,
Day Sd,1.342,0.623,1.128,
De Baca Nm,2.351,0.764,2.115,
De Witt Il,2.123,0.734,2.351,
De Soto La,2.12,0.78,1.8,
Deaf Smith Tx,2.124,0.853,2.345,
Decatur Ga,2.321,0.842,2.125,
Dearborn In,1.234,0.678,1.823,
Decatur Ia,2.123,0.789,2.456,
Decatur Ks,1.654,0.764,1.321,
Decatur Tn,2.125,0.675,1.912,
Decatur In,2.12,0.75,2.35,
Deer Lodge Mt,1.85,0.752,1.421,
Defiance Oh,1.854,0.761,1.431,
Dekalb Al,2.127,0.623,2.354,
Dekalb Ga,1.854,0.734,1.425,
Dekalb Il,2.125,0.712,2.456,
Dekalb In,2.141,0.789,2.375,
Dekalb Tn,1.42,0.678,1.234,
Dekalb Mo,2.125,0.625,1.975,
Del Norte Ca,2.15,0.621,2.352,
Delaware Ia,2.142,0.754,2.357,
Delaware In,2.123,0.765,2.567,
Delaware Ny,2.123,0.671,2.345,
Delaware Oh,2.217,0.753,2.124,
Delaware Ok,2.123,0.678,2.145,
Delaware Pa,2.12,0.823,2.341,
Delta Co,2.125,0.812,2.452,
Delta Tx,2.35,0.75,2.15,
Delta Mi,1.351,0.734,1.245,
Denali Ak,1.854,0.761,1.425,
Dent Mo,1.354,0.764,1.236,
Denton Tx,2.12,0.823,1.857,
Denver Co,1.35,0.65,1.45,
Des Moines Ia,2.15,0.753,2.357,
Desoto Fl,2.143,0.823,2.421,
Desha Ar,2.357,0.671,2.123,
Deschutes Or,1.853,0.821,1.475,
Deuel Ne,1.85,0.65,1.3,
Deuel Sd,1.342,0.623,1.219,
Desoto Ms,2.35,0.75,2.12,
Dewey Ok,2.321,0.764,2.514,
Dewey Sd,2.124,0.857,2.345,
Dewitt Tx,1.85,0.623,1.432,
Dickens Tx,0.854,0.723,0.934,
Dickenson Va,1.854,0.671,2.131,
Dickey Nd,2.35,0.75,2.1,
Dickinson Ia,2.351,0.742,2.117,
Dickinson Ks,2.15,0.63,2.41,
Dickinson Mi,2.12,0.63,2.345,
Dickson Tn,2.12,0.75,2.45,
Dillon Sc,2.35,0.621,2.11,
Dillingham Ak,2.354,0.623,2.123,
Dimmit Tx,1.85,0.623,1.45,
District Of Columbia Dc,2.321,0.753,2.145,
Divide Nd,1.824,0.742,2.127,
Dinwiddie Va,1.85,0.678,1.423,
Dixie Fl,2.12,0.621,2.44,
Doddridge Wv,1.854,0.732,1.431,
Dixon Ne,2.123,0.621,1.854,
Dodge Ga,2.35,0.75,2.15,
Dodge Mn,1.85,0.65,1.55,
Dodge Ne,2.143,0.734,2.321,
Dodge Wi,1.854,0.823,1.345,
Doña Ana Nm,1.854,0.734,1.341,
Dolores Co,1.854,0.623,2.35,'dti_ratio'
Doniphan Ks,2.15,0.75,2.35,
Dooly Ga,2.351,0.821,2.145,
Door Wi,2.35,0.623,2.115,
Donley Tx,1.85,0.623,1.432,
Dorado Pr,2.351,0.753,2.125,
Dorchester Md,1.857,0.821,1.345,
Dorchester Sc,1.85,0.82,1.65,
Douglas Co,2.141,0.734,2.456,
Dougherty Ga,2.321,0.742,2.115,
Douglas Il,2.12,0.65,2.45,
Douglas Ks,2.15,0.65,1.85,
Douglas Ga,2.124,0.741,1.895,
Douglas Mn,2.15,0.85,2.45,
Douglas Mo,2.123,0.756,2.345,
Douglas Nv,1.854,0.753,1.343,
Douglas Ne,2.124,0.823,1.943,
Douglas Wa,2.125,0.812,1.925,
Douglas Or,1.852,0.823,2.127,
Douglas Sd,1.82,0.632,1.45,
Dubois In,2.15,0.823,2.421,
Douglas Wi,1.854,0.763,1.475,
Drew Ar,1.854,0.734,1.444,
Duchesne Ut,2.351,0.821,2.115,
Dukes Ma,1.854,0.742,1.421,
Dubuque Ia,1.852,0.741,1.427,
Dundy Ne,1.351,0.627,1.245,
Dunklin Mo,2.35,0.75,2.125,
Dunn Nd,1.842,0.732,1.455,
Dunn Wi,2.35,0.82,2.12,
Dupage Il,2.125,0.812,2.421,
Duplin Nc,2.145,0.628,2.355,
Durham Nc,2.115,0.623,2.234,
Dutchess Ny,2.142,0.823,2.351,
Dyer Tn,1.854,0.734,1.341,
Duval Fl,1.85,0.753,2.175,
Duval Tx,2.12,0.75,2.35,
Eagle Co,1.854,0.621,1.442,
Early Ga,2.142,0.823,2.351,
East Baton Rouge La,1.85,0.65,1.32,
East Feliciana La,2.125,0.657,2.351,
East Carroll La,2.35,0.85,2.55,
Eastern As,1.654,0.621,1.354,
Eastland Tx,2.12,0.75,2.33,
Eaton Mi,0.832,0.753,1.219,
Eau Claire Wi,2.275,0.712,2.115,
Echols Ga,1.823,0.756,1.345,
Ector Tx,2.12,0.821,2.351,
Eddy Nd,2.143,0.732,2.357,
Eddy Nm,1.854,0.753,1.321,
Edgar Il,2.321,0.751,2.135,
Edgecombe Nc,2.12,0.821,1.93,
Edgefield Sc,2.123,0.671,2.357,
Edmonson Ky,1.823,0.743,1.341,
Edwards Il,2.341,0.621,2.115,
Edwards Ks,2.12,0.623,2.35,
Edmunds Sd,2.123,0.675,2.456,
Effingham Il,2.123,0.734,2.456,
Effingham Ga,2.12,0.671,2.45,
El Dorado Ca,2.351,0.813,2.147,
Edwards Tx,2.215,0.753,2.351,
El Paso Co,2.321,0.753,2.143,
Elbert Co,2.15,0.62,2.45,
Elbert Ga,1.85,0.783,1.35,
El Paso Tx,2.351,0.822,2.114,
Elk Ks,1.351,0.623,1.234,
Elk Pa,2.12,0.741,2.45,
Elkhart In,2.125,0.678,2.321,
Elliott Ky,2.351,0.765,2.115,
Elko Nv,2.35,0.82,2.15,
Ellis Ok,2.115,0.627,2.354,
Ellis Ks,1.425,0.758,1.231,
Ellis Tx,2.352,0.823,2.145,
Ellsworth Ks,2.35,0.65,2.15,
Elmore Id,2.123,0.823,2.421,
Elmore Al,1.854,0.741,1.325,
Emanuel Ga,1.853,0.742,1.354,
Emmet Ia,1.853,0.742,1.425,
Emmet Mi,2.15,0.65,2.35,
Emery Ut,2.12,0.65,2.35,
Emmons Nd,2.351,0.764,1.923,
Emporia Va,1.85,0.65,1.42,
Erath Tx,1.854,0.823,1.425,
Erie Ny,1.821,0.734,1.455,
Erie Oh,1.854,0.723,1.342,
Erie Pa,1.351,0.621,1.245,
Esmeralda Nv,2.215,0.753,2.115,
Escambia Al,2.15,0.75,2.45,
Escambia Fl,2.124,0.756,2.351,
Essex Ma,2.124,0.821,2.357,
Essex Nj,1.854,0.764,1.351,
Essex Ny,1.234,0.657,1.123,
Essex Va,1.82,0.741,2.11,
Essex Vt,2.215,0.754,2.123,
Estill Ky,2.15,0.678,2.421,
Eureka Nv,1.854,0.761,2.175,
Etowah Al,1.85,0.65,1.32,
Evangeline La,2.12,0.83,1.85,
Evans Ga,1.85,0.62,1.33,
Fairbanks North Star Ak,2.12,0.65,2.55,
Fairfax Va,2.12,0.65,2.35,
Fairfield Oh,1.35,0.621,1.234,
Fairfield Sc,1.853,0.678,1.415,
Fajardo Pr,2.15,0.83,2.35,
Fallon Mt,1.854,0.823,1.431,
Fall River Sd,1.85,0.65,1.45,
Falls Church Va,2.35,0.85,2.125,
Fannin Tx,2.15,0.821,2.341,
Fannin Ga,2.351,0.763,2.142,
Falls Tx,2.12,0.671,2.35,
Faribault Mn,2.143,0.823,2.115,
Faulk Sd,2.35,0.75,2.12,
Faulkner Ar,2.35,0.821,2.15,
Fauquier Va,2.12,0.734,2.354,
Fayette Al,1.85,0.621,2.123,
Fayette Ga,2.217,0.854,1.823,
Fayette Ia,1.85,0.623,1.421,
Fayette Il,1.821,0.654,1.455,
Fayette In,1.854,0.632,1.275,
Fayette Ky,1.42,0.657,1.315,
Fayette Pa,2.123,0.765,2.456,
Fayette Tn,1.854,0.623,1.321,
Fayette Oh,1.342,0.823,1.475,
Fayette Tx,1.854,0.623,1.351,
Fayette Wv,1.42,0.789,1.35,
Ferry Wa,1.85,0.621,2.17,
Fentress Tn,2.143,0.671,2.354,
Fergus Mt,2.35,0.823,2.15,
Fillmore Mn,2.115,0.623,2.475,
Fillmore Ne,2.341,0.823,2.154,
Fisher Tx,1.354,0.712,1.235,
Finney Ks,1.85,0.75,1.35,
Flagler Fl,2.12,0.75,2.45,
Flathead Mt,1.654,0.621,1.234,
Fleming Ky,1.854,0.732,1.357,
Florence Sc,2.15,0.65,2.375,
Florence Wi,2.215,0.755,2.145,
Florida Pr,2.35,0.82,2.15,
Floyd Ga,1.234,0.678,1.856,
Floyd Ia,2.215,0.657,2.185,
Floyd In,2.352,0.823,2.175,
Floyd Ky,2.123,0.742,2.456,
Floyd Tx,1.823,0.742,1.354,
Floyd Va,1.857,0.732,1.419,
Foard Tx,1.854,0.671,2.134,
Fond Du Lac Wi,2.35,0.85,2.15,
Fluvanna Va,2.15,0.65,2.25,
Ford Il,1.85,0.75,1.85,
Ford Ks,2.124,0.876,2.341,
Forest Pa,2.12,0.62,2.35,
Forest Wi,1.35,0.82,1.42,
Forrest Ms,2.117,0.761,2.354,
Forsyth Ga,1.821,0.734,1.435,
Fort Bend Tx,1.854,0.823,1.456,
Forsyth Nc,2.35,0.75,2.15,
Foster Nd,2.117,0.654,1.956,
Fountain In,2.127,0.671,2.351,
Franklin Al,2.321,0.753,2.145,
Franklin Ar,1.85,0.65,1.32,
Franklin Ga,2.12,0.671,2.351,
Franklin Ia,1.823,0.742,1.451,
Franklin Fl,2.117,0.761,2.354,
Franklin In,2.125,0.857,2.375,
Franklin Id,2.127,0.753,1.943,
Franklin Il,2.143,0.678,2.345,
Franklin Ks,1.854,0.731,1.445,
Franklin Ky,1.352,0.823,1.123,
Franklin La,2.35,0.621,2.55,
Franklin Ma,2.123,0.854,2.457,
Franklin Me,2.127,0.823,2.352,
Franklin Mo,1.35,0.82,1.42,
Franklin Nc,1.85,0.785,1.423,
Franklin Ms,1.854,0.623,1.456,
Franklin Ne,1.854,0.723,1.341,
Franklin Ny,1.354,0.741,1.223,
Franklin Pa,1.352,0.761,1.243,
Franklin Tn,2.35,0.75,2.15,
Franklin Oh,2.142,0.857,2.357,
Franklin Va,1.85,0.62,1.43,
Franklin Vt,1.35,0.65,1.85,
Franklin Tx,2.351,0.812,2.124,
Frederick Md,2.275,0.822,2.451,
Franklin Wa,1.85,0.65,2.15,
Frederick Va,1.352,0.823,1.145,
Fredericksburg Va,1.85,0.783,1.421,
Freeborn Mn,2.145,0.823,1.945,
Fremont Co,2.175,0.657,1.835,
Fremont Id,2.12,0.85,2.35,
Freestone Tx,2.124,0.876,2.345,
Fremont Ia,1.35,0.621,1.45,
Frio Tx,1.854,0.743,1.321,
Fremont Wy,2.35,0.823,2.12,
Fresno Ca,2.354,0.822,2.123,
Frontier Ne,2.117,0.756,2.245,
Fulton Ar,2.15,0.75,2.45,
Fulton Ga,2.123,0.857,1.923,
Fulton Il,1.854,0.672,1.421,
Fulton In,2.123,0.854,2.456,
Fulton Ky,1.854,0.763,1.351,
Fulton Ny,1.85,0.65,1.33,
Furnas Ne,2.35,0.85,2.19,
Fulton Oh,2.123,0.854,2.456,
Fulton Pa,2.15,0.85,2.425,
Gadsden Fl,2.127,0.623,1.853,
Gage Ne,1.854,0.712,1.341,
Gaines Tx,2.121,0.741,2.351,
Gallatin Il,2.35,0.821,2.12,
Galax Va,2.125,0.675,2.35,
Gallatin Ky,2.143,0.621,2.215,
Gallatin Mt,2.12,0.72,2.35,
Galveston Tx,2.15,0.75,2.325,
Gallia Oh,2.142,0.823,2.351,
Garfield Co,1.853,0.742,1.321,
Garfield Mt,2.123,0.876,2.357,
Garden Ne,1.82,0.75,1.45,
Garfield Ne,2.127,0.741,2.455,
Garfield Ok,2.12,0.785,2.32,
Garfield Ut,2.117,0.755,2.351,
Garland Ar,1.854,0.734,1.342,
Garfield Wa,1.85,0.752,1.345,
Garrett Md,2.145,0.623,1.835,
Garrard Ky,1.234,0.678,1.421,
Garvin Ok,1.35,0.85,1.23,
Garza Tx,2.125,0.823,2.425,
Gasconade Mo,2.125,0.812,2.342,
Gaston Nc,1.854,0.732,1.425,
Geary Ks,2.351,0.754,2.121,
Geauga Oh,1.854,0.732,1.245,
Gates Nc,2.341,0.756,2.115,
Genesee Ny,2.145,0.621,2.354,
Genesee Mi,2.142,0.823,2.155,
Geneva Al,1.234,0.678,1.456,
Gentry Mo,1.542,0.671,1.321,
George Ms,2.143,0.823,2.475,
Georgetown Sc,1.85,0.75,2.05,
Gibson In,2.124,0.734,2.342,
Gibson Tn,2.35,0.72,2.11,
Gila Az,2.12,0.741,2.35,
Gem Id,1.854,0.623,1.344,
Gilchrist Fl,2.321,0.756,2.141,
Giles Tn,1.853,0.623,1.475,
Giles Va,2.145,0.623,2.357,
Gillespie Tx,2.127,0.753,2.351,
Gilliam Or,1.854,0.623,1.456,
Gilmer Wv,2.12,0.621,2.35,
Gilpin Co,2.123,0.678,1.987,
Gilmer Ga,2.217,0.742,1.845,
Glades Fl,2.124,0.742,2.351,
Gladwin Mi,2.143,0.657,2.341,
Glacier Mt,2.35,0.65,2.11,
Glascock Ga,1.354,0.763,1.234,
Glasscock Tx,2.35,0.82,2.55,
Glenn Ca,2.321,0.751,2.154,
Gloucester Nj,2.321,0.857,2.145,
Gloucester Va,2.352,0.823,2.117,
Glynn Ga,2.15,0.65,2.22,
Gogebic Mi,1.55,0.783,1.22,
Golden Valley Mt,2.35,0.75,2.123,
Golden Valley Nd,1.857,0.823,1.345,
Goliad Tx,1.42,0.732,1.35,
Gonzales Tx,2.351,0.742,2.145,
Gooding Id,2.15,0.63,2.35,
Goodhue Mn,1.234,0.678,1.156,
Goochland Va,2.127,0.742,2.115,
Gordon Ga,2.217,0.741,1.983,
Goshen Wy,2.321,0.823,2.514,
Gove Ks,1.542,0.822,1.456,
Grady Ga,2.15,0.65,2.32,
Gosper Ne,2.352,0.764,2.157,
Grady Ok,2.123,0.678,2.456,
Graham Ks,2.35,0.85,2.12,
Grafton Nh,1.854,0.734,1.321,
Graham Az,1.85,0.621,1.433,
Graham Nc,2.12,0.753,2.341,
Grainger Tn,2.35,0.87,2.1,
Grand Co,1.85,0.62,2.14,
Grand Isle Vt,2.15,0.62,2.42,
Grand Traverse Mi,1.854,0.764,1.341,
Grand Forks Nd,2.35,0.82,1.95,
Granite Mt,2.215,0.752,2.125,
Grant Ar,2.142,0.785,2.354,
Grant In,1.854,0.672,1.351,
Grand Ut,2.125,0.675,2.425,
Grant Ks,1.345,0.627,1.214,
Grant Ky,1.35,0.72,1.43,
Grant La,2.35,0.75,2.17,
Grant Nd,1.821,0.753,1.351,
Grant Mn,1.345,0.628,1.216,
Grant Ne,1.85,0.783,1.425,
Grant Ok,1.825,0.623,2.123,
Grant Nm,1.345,0.823,1.216,
Grant Or,2.321,0.821,2.143,
Grant Wa,2.15,0.627,2.325,
Grant Sd,2.351,0.783,2.144,
Grant Wi,2.12,0.85,1.8,
Grant Wv,2.351,0.754,2.123,
Gratiot Mi,2.123,0.678,2.456,
Graves Ky,1.85,0.72,1.42,
Granville Nc,2.12,0.63,2.33,
Gray Ks,2.123,0.765,2.452,
Gray Tx,2.35,0.812,2.55,
Grays Harbor Wa,2.321,0.761,2.115,
Grayson Tx,2.35,0.821,2.12,
Grayson Ky,2.341,0.753,2.117,
Greater Bridgeport Ct,2.321,0.753,2.145,
Grayson Va,2.124,0.742,1.845,
Greeley Ks,1.823,0.753,1.442,
Greeley Ne,2.123,0.741,2.456,
Green Lake Wi,2.123,0.678,2.456,
Green Ky,2.217,0.623,2.125,
Green Wi,1.857,0.823,1.351,
Greene Al,1.352,0.657,1.123,
Greenbrier Wv,2.125,0.678,2.352,
Greene Ar,1.354,0.627,1.234,
Greene Ga,2.124,0.823,2.456,
Greene Ia,2.125,0.785,2.351,
Greene Il,1.342,0.623,1.123,
Greene In,2.15,0.75,2.3,
Greene Mo,2.123,0.654,2.354,
Greene Ms,2.215,0.756,2.141,
Greene Oh,1.85,0.62,1.37,
Greene Ny,2.117,0.823,1.843,
Greene Nc,1.85,0.62,1.45,
Greene Pa,2.35,0.783,2.15,
Greene Tn,2.35,0.75,2.124,
Greene Va,2.15,0.65,1.85,
Greenlee Az,2.123,0.753,2.354,
Greenup Ky,2.125,0.675,2.475,
Greensville Va,1.85,0.783,1.423,
Greenville Sc,1.854,0.621,1.435,
Greenwood Sc,1.352,0.741,1.421,
Greenwood Ks,2.123,0.765,1.857,
Gregg Tx,2.127,0.654,2.143,
Gregory Sd,2.275,0.812,2.421,
Greer Ok,1.234,0.567,1.234,
Griggs Nd,1.854,0.734,1.341,
Grenada Ms,1.35,0.823,1.216,
Grimes Tx,2.121,0.821,2.143,
Grundy Ia,1.835,0.628,1.475,
Grundy Il,2.117,0.823,2.357,
Grundy Mo,2.351,0.753,1.945,
Grundy Tn,2.12,0.82,2.35,
Guadalupe Tx,1.654,0.753,1.351,
Guadalupe Nm,1.85,0.62,1.43,
Guam Gu,1.35,0.72,1.42,
Guánica Pr,2.35,0.621,2.123,
Guayama Pr,2.143,0.621,1.987,
Guaynabo Pr,1.842,0.751,1.345,
Guayanilla Pr,2.123,0.753,2.456,
Guernsey Oh,2.117,0.763,2.354,
Gunnison Co,2.12,0.671,1.94,
Gulf Fl,1.854,0.823,1.433,
Gurabo Pr,2.143,0.732,2.456,
Guilford Nc,2.124,0.857,2.351,
Guthrie Ia,1.82,0.65,1.45,
Haakon Sd,1.35,0.675,1.325,
Gwinnett Ga,2.125,0.812,2.351,
Habersham Ga,1.835,0.623,1.345,
Haines Ak,2.351,0.823,2.145,
Hale Al,1.854,0.632,2.123,
Hale Tx,2.12,0.821,2.35,
Halifax Nc,2.35,0.62,2.1,
Halifax Va,1.234,0.678,1.456,
Hall Ga,1.542,0.657,1.324,
Hall Tx,2.217,0.741,2.123,
Hall Ne,2.215,0.753,2.145,
Hamilton Fl,1.854,0.621,1.444,
Hamblen Tn,2.123,0.678,2.456,
Hamilton Il,2.341,0.623,2.145,
Hamilton Ia,2.123,0.753,2.456,
Hamilton In,2.35,0.82,2.12,
Hamilton Ne,1.85,0.65,1.35,
Hamilton Ks,1.854,0.741,1.323,
Hamilton Tn,2.12,0.82,2.45,
Hamilton Ny,2.125,0.687,2.354,
Hamilton Oh,2.275,0.712,2.121,
Hamilton Tx,2.145,0.753,2.275,
Hamlin Sd,1.85,0.75,1.45,
Hampden Ma,1.234,0.678,1.421,
Hampshire Wv,2.15,0.623,2.42,
Hampshire Ma,2.125,0.857,2.525,
Hampton Sc,1.351,0.743,1.456,
Hampton Va,2.12,0.741,2.23,
Hancock Ia,1.352,0.823,1.145,
Hancock Ga,2.341,0.821,2.115,
Hancock Il,2.15,0.65,1.85,
Hancock In,1.854,0.623,1.321,
Hancock Ky,1.857,0.741,1.324,
Hancock Me,1.854,0.823,2.145,
Hancock Ms,2.145,0.823,2.351,
Hancock Oh,1.854,0.742,1.326,
Hancock Wv,1.85,0.75,1.425,
Hancock Tn,2.321,0.753,2.145,
Hand Sd,2.321,0.752,2.154,
Hanover Va,2.15,0.75,2.35,
Hansford Tx,2.35,0.73,2.117,
Hanson Sd,2.125,0.678,1.875,
Haralson Ga,2.321,0.742,2.154,
Hardee Fl,1.85,0.623,2.123,
Hardeman Tn,2.275,0.678,2.115,
Hardeman Tx,2.123,0.657,2.345,
Hardin Ia,2.215,0.621,2.111,
Hardin Il,2.351,0.823,2.115,
Hardin Oh,2.15,0.75,2.425,
Hardin Ky,2.123,0.734,2.456,
Hardin Tn,2.117,0.753,2.356,
Harding Nm,2.12,0.621,2.35,
Hardin Tx,1.823,0.857,1.354,
Harding Sd,2.142,0.821,2.355,
Harlan Ky,2.35,0.623,2.147,
Harford Md,1.854,0.732,1.345,
Hardy Wv,2.321,0.755,2.157,
Harmon Ok,2.35,0.55,2.15,
Harlan Ne,2.125,0.587,1.845,
Harnett Nc,2.35,0.72,2.12,
Harney Or,2.12,0.63,1.95,
Harper Ks,2.123,0.678,2.456,
Harper Ok,1.35,0.62,1.23,
Harris Ga,2.35,0.65,2.17,
Harris Tx,2.123,0.856,1.891,
Harrison Ia,2.321,0.754,2.117,
Harrison In,2.12,0.78,2.32,
Harrison Ky,2.143,0.761,2.321,
Harrison Ms,2.275,0.823,2.151,
Harrison Oh,1.82,0.752,1.35,
Harrison Tx,2.351,0.812,2.157,
Harrison Mo,1.854,0.823,1.431,
Harrison Wv,1.351,0.657,1.215,
Hart Ga,1.42,0.671,1.357,
Harrisonburg Va,1.857,0.654,1.425,
Hart Ky,2.35,0.85,2.22,
Harvey Ks,1.35,0.85,1.2,
Haskell Ks,2.123,0.753,2.356,
Haskell Ok,2.275,0.621,2.147,
Hartley Tx,1.234,0.678,1.345,
Haskell Tx,2.15,0.65,2.42,
Hatillo Pr,2.142,0.754,2.356,
Hawaii Hi,2.35,0.85,2.12,
Hawkins Tn,2.351,0.712,2.115,
Hayes Ne,1.351,0.742,1.219,
Hays Tx,1.234,0.621,2.456,
Haywood Tn,2.215,0.755,2.135,
Haywood Nc,1.824,0.756,1.351,
Hemphill Tx,1.823,0.657,1.456,
Heard Ga,2.35,0.753,2.145,
Hempstead Ar,2.321,0.754,2.143,
Henderson Il,1.85,0.65,1.32,
Henderson Ky,2.351,0.732,1.845,
Henderson Nc,1.854,0.732,1.341,
Henderson Tn,2.123,0.857,2.341,
Henderson Tx,1.853,0.623,1.427,
Hendricks In,2.143,0.678,2.351,
Hendry Fl,2.345,0.823,2.115,
Henrico Va,2.12,0.671,2.351,
Hennepin Mn,2.143,0.823,2.315,
Henry Al,2.15,0.85,2.351,
Henry Ga,2.145,0.675,1.825,
Henry Il,2.127,0.743,2.356,
Henry Ia,1.854,0.623,1.431,
Henry In,2.15,0.627,1.934,
Henry Ky,2.141,0.732,2.219,
Henry Mo,2.117,0.753,2.352,
Henry Tn,1.823,0.621,1.442,
Henry Va,2.352,0.823,2.143,
Henry Oh,2.124,0.743,2.351,
Herkimer Ny,2.115,0.654,2.354,
Hernando Fl,1.853,0.742,1.427,
Hettinger Nd,2.141,0.654,2.475,
Hertford Nc,1.85,0.742,1.321,
Hickman Ky,1.351,0.823,1.231,
Hickory Mo,1.351,0.623,1.442,
Hickman Tn,2.123,0.654,2.456,
Hidalgo Nm,2.35,0.75,2.85,
Hidalgo Tx,2.321,0.764,2.145,
Highland Oh,2.123,0.753,2.456,
Highland Va,2.127,0.621,1.835,
Hill Mt,2.125,0.785,2.275,
Hill Tx,2.35,0.62,2.05,
Highlands Fl,2.15,0.657,2.325,
Hillsborough Fl,2.35,0.85,2.1,
Hillsborough Nh,2.127,0.657,2.351,
Hillsdale Mi,1.352,0.756,1.145,
Hinds Ms,1.35,0.65,1.35,
Hitchcock Ne,1.824,0.742,2.117,
Hinsdale Co,2.351,0.817,2.123,
Hocking Oh,1.823,0.753,2.114,
Hockley Tx,2.275,0.657,2.117,
Hoke Nc,1.85,0.621,1.35,
Hodgeman Ks,1.852,0.743,1.439,
Holmes Fl,2.124,0.734,2.145,
Holmes Ms,1.852,0.755,1.432,
Holmes Oh,1.842,0.743,1.354,
Holt Mo,1.823,0.654,1.442,
Holt Ne,1.854,0.623,2.143,
Honolulu Hi,1.42,0.65,1.35,
Hood River Or,1.854,0.672,1.345,
Hood Tx,1.857,0.731,1.345,
Hoonah-Angoon Ak,2.145,0.763,2.115,
Hooker Ne,2.15,0.62,1.82,
Hopewell Va,2.351,0.823,2.141,
Hopkins Ky,2.15,0.82,2.32,
Hopkins Tx,2.125,0.623,2.454,
Horry Sc,2.143,0.822,2.352,
Hot Spring Ar,2.15,0.82,2.32,
Hormigueros Pr,1.354,0.672,2.115,
Houston Al,2.125,0.627,1.943,
Houghton Mi,2.15,0.65,2.45,
Hot Springs Wy,2.145,0.753,2.421,
Houston Ga,2.35,0.87,2.22,
Houston Tn,1.42,0.657,1.357,
Houston Mn,1.854,0.621,1.342,
Houston Tx,2.321,0.789,2.117,
Howard Ar,2.15,0.625,1.825,
Howard Ia,1.854,0.742,1.421,
Howard Mo,2.12,0.78,2.35,
Howard In,2.15,0.82,2.55,
Howard Md,1.854,0.743,2.135,
Howell Mo,2.125,0.678,2.453,
Howard Ne,1.854,0.743,1.325,
Howard Tx,2.124,0.823,2.341,
Hubbard Mn,2.35,0.75,2.05,
Hudson Nj,2.123,0.812,2.456,
Hudspeth Tx,1.85,0.62,1.42,
Hughes Sd,2.35,0.75,2.15,
Hughes Ok,1.854,0.712,1.321,
Huerfano Co,2.123,0.823,2.456,
Humacao Pr,2.35,0.7,2.15,
Humboldt Ia,2.123,0.654,2.457,
Humboldt Nv,1.354,0.678,1.216,
Humboldt Ca,2.275,0.812,2.115,
Humphreys Ms,2.15,0.62,2.351,
Humphreys Tn,2.35,0.65,2.45,
Hunt Tx,1.857,0.763,1.351,
Huntingdon Pa,2.217,0.761,2.354,
Hunterdon Nj,1.85,0.75,1.65,
Huntington In,1.842,0.755,1.351,
Huron Oh,1.854,0.734,1.343,
Huron Mi,2.145,0.678,2.321,
Hutchinson Sd,2.15,0.62,2.4,
Hutchinson Tx,2.124,0.857,2.455,
Hyde Nc,2.15,0.85,2.45,
Hyde Sd,1.342,0.621,1.214,
Iberville La,2.145,0.732,2.123,
Iberia La,2.141,0.623,1.987,
Ida Ia,2.124,0.756,2.341,
Imperial Ca,2.123,0.789,2.354,
Idaho Id,1.854,0.623,1.434,
Independence Ar,2.15,0.627,2.45,
Indiana Pa,2.115,0.654,2.345,
Indian River Fl,1.354,0.742,1.223,
Ingham Mi,2.141,0.823,2.356,
Ionia Mi,2.115,0.753,1.825,
Inyo Ca,2.35,0.83,2.19,
Iowa Ia,2.321,0.751,2.114,
Iosco Mi,2.35,0.8,2.55,
Iowa Wi,2.215,0.765,2.151,
Irion Tx,2.35,0.62,2.15,
Iredell Nc,1.857,0.755,1.321,
Iron Mo,2.124,0.857,2.451,
Iron Mi,2.145,0.823,2.475,
Iron Ut,2.15,0.65,2.35,
Iron Wi,2.215,0.652,2.135,
Irwin Ga,1.853,0.621,1.445,
Isabela Pr,1.824,0.742,1.442,
Isabella Mi,1.654,0.823,1.342,
Iroquois Il,2.123,0.854,2.456,
Isanti Mn,2.123,0.657,2.456,
Island Wa,1.85,0.623,1.45,
Isle Of Wight Va,2.123,0.734,2.456,
Itasca Mn,1.854,0.623,1.434,
Issaquena Ms,2.341,0.742,2.115,
Itawamba Ms,1.82,0.731,1.44,
Izard Ar,2.321,0.753,2.145,
Jackson Al,2.351,0.823,2.142,
Jackson Ar,2.143,0.822,2.514,
Jack Tx,1.35,0.729,1.419,
Jackson Ga,1.35,0.823,1.442,
Jackson Co,2.341,0.823,2.115,
Jackson Fl,2.215,0.756,2.051,
Jackson Il,1.85,0.75,2.12,
Jackson Ia,2.15,0.75,2.35,
Jackson In,2.351,0.621,2.145,
Jackson Ks,2.117,0.763,2.321,
Jackson Ky,2.125,0.628,2.345,
Jackson Mi,2.124,0.823,2.341,
Jackson La,2.351,0.763,1.846,
Jackson Mn,1.854,0.742,1.425,
Jackson Mo,2.143,0.821,2.475,
Jackson Ms,2.351,0.812,2.117,
Jackson Nc,1.85,0.729,1.456,
Jackson Oh,1.854,0.732,1.351,
Jackson Ok,2.215,0.654,2.051,
Jackson Or,2.115,0.623,1.854,
Jackson Sd,2.15,0.675,1.85,
Jackson Tn,1.854,0.734,1.345,
Jackson Wi,1.857,0.823,2.143,
Jackson Tx,2.351,0.823,2.143,
James City Va,2.15,0.82,2.32,
Jackson Wv,1.85,0.65,1.55,
Jasper Ga,2.321,0.756,2.145,
Jasper Ia,2.352,0.823,2.147,
Jasper Il,2.143,0.785,2.354,
Jasper In,2.35,0.72,2.55,
Jasper Mo,2.127,0.823,2.145,
Jasper Ms,2.35,0.82,2.15,
Jasper Sc,2.142,0.657,2.354,
Jasper Tx,1.854,0.742,2.131,
Jayuya Pr,1.425,0.623,1.189,
Jay In,2.35,0.75,2.15,
Jeff Davis Ga,2.351,0.678,2.117,
Jeff Davis Tx,2.35,0.85,2.15,
Jefferson Ar,2.127,0.823,2.351,
Jefferson Al,2.12,0.741,1.843,
Jefferson Co,1.85,0.82,1.42,
Jefferson Davis La,2.35,0.623,2.117,
Jefferson Davis Ms,1.854,0.753,1.444,
Jefferson Fl,1.85,0.72,1.35,
Jefferson Ga,1.42,0.741,1.351,
Jefferson Ia,1.842,0.743,1.423,
Jefferson In,1.854,0.732,1.351,
Jefferson Id,1.854,0.823,1.442,
Jefferson Il,1.854,0.743,1.321,
Jefferson Ks,2.123,0.678,2.456,
Jefferson Ky,2.125,0.823,2.321,
Jefferson La,1.842,0.753,2.119,
Jefferson Mt,2.121,0.853,2.357,
Jefferson Mo,2.145,0.675,2.351,
Jefferson Ms,2.35,0.82,2.15,
Jefferson Ne,2.351,0.823,1.845,
Jefferson Ny,2.123,0.756,1.895,
Jefferson Ok,2.351,0.821,2.117,
Jefferson Oh,1.234,0.567,1.876,
Jefferson Or,2.141,0.734,1.935,
Jefferson Tn,1.654,0.741,1.345,
Jefferson Tx,1.85,0.75,1.23,
Jefferson Pa,1.825,0.857,1.432,
Jefferson Wa,1.82,0.754,1.441,
Jefferson Wi,1.234,0.678,1.215,
Jefferson Wv,2.117,0.756,2.352,
Jenkins Ga,2.127,0.755,2.321,
Jennings In,2.123,0.654,2.456,
Jerauld Sd,2.143,0.754,2.319,
Jersey Il,2.123,0.678,2.456,
Jerome Id,1.842,0.623,1.456,
Jessamine Ky,2.141,0.623,1.857,
Jewell Ks,2.35,0.82,2.11,
Jim Hogg Tx,2.35,0.62,2.18,
Jim Wells Tx,2.117,0.761,2.245,
Johnson Ar,2.351,0.764,2.115,
Johnson Ga,2.121,0.789,2.235,
Jo Daviess Il,1.854,0.623,1.345,
Johnson Ia,2.15,0.823,2.45,
Johnson Il,1.85,0.65,1.43,
Johnson Ks,2.15,0.75,2.4,
Johnson In,2.215,0.753,2.124,
Johnson Ky,1.542,0.821,1.357,
Johnson Ne,2.12,0.731,2.35,
Johnson Mo,2.123,0.854,2.351,
Johnson Tn,1.854,0.734,1.321,
Johnson Tx,2.35,0.82,2.15,
Johnson Wy,2.35,0.72,2.15,
Johnston Ok,1.85,0.621,1.423,
Johnston Nc,2.117,0.853,1.964,
Jones Ia,2.12,0.65,1.85,
Jones Ms,2.115,0.763,1.825,
Jones Ga,2.125,0.623,2.421,
Jones Sd,2.125,0.625,1.875,
Jones Tx,1.351,0.821,1.475,
Jones Nc,2.12,0.621,2.143,
Juab Ut,2.15,0.72,2.22,
Josephine Or,2.35,0.82,2.17,
Juana Díaz Pr,2.142,0.823,2.341,
Judith Basin Mt,1.351,0.823,1.245,
Juncos Pr,2.123,0.678,2.457,
Juneau Ak,2.115,0.752,1.925,
Juneau Wi,2.351,0.823,2.117,
Juniata Pa,1.854,0.732,1.341,
Kalamazoo Mi,2.123,0.756,1.943,
Kalawao Hi,2.15,0.65,2.45,
Kalkaska Mi,1.85,0.65,1.35,
Kanawha Wv,2.125,0.752,2.354,
Kane Il,1.85,0.742,1.421,
Kanabec Mn,1.354,0.623,1.185,
Kandiyohi Mn,2.35,0.75,2.55,
Kane Ut,1.42,0.623,1.345,
Karnes Tx,2.321,0.823,2.117,
Kankakee Il,2.351,0.822,2.156,
Kaufman Tx,2.35,0.75,2.12,
Kay Ok,2.117,0.623,1.846,
Kauai Hi,1.821,0.741,1.355,
Kearny Ks,2.35,0.82,2.05,
Kearney Ne,1.354,0.732,1.123,
Keith Ne,2.35,0.75,2.117,
Kenai Peninsula Ak,2.123,0.789,2.542,
Kendall Il,1.351,0.821,1.219,
Kemper Ms,2.275,0.857,2.125,
Kendall Tx,2.123,0.657,2.351,
Kennebec Me,1.352,0.753,1.231,
Kenedy Tx,1.354,0.712,1.123,
Kent De,2.15,0.83,2.35,
Kenosha Wi,1.823,0.751,2.111,
Kent Md,2.15,0.75,2.45,
Kent Mi,1.854,0.671,2.135,
Kent Tx,2.127,0.823,2.354,
Kent Ri,2.15,0.82,2.45,
Keokuk Ia,2.35,0.62,2.21,
Kenton Ky,2.125,0.678,2.341,
Kern Ca,2.321,0.756,2.117,
Kerr Tx,1.85,0.82,1.42,
Ketchikan Gateway Ak,2.12,0.621,2.357,
Kershaw Sc,2.142,0.755,2.357,
Keweenaw Mi,1.854,0.632,2.105,
Keya Paha Ne,2.123,0.765,2.456,
Kewaunee Wi,2.15,0.65,2.23,
Kidder Nd,1.854,0.742,1.342,
Kimball Ne,2.117,0.755,2.356,
Kimble Tx,2.35,0.82,2.15,
King And Queen Va,1.85,0.65,1.55,
King George Va,1.452,0.817,1.345,
King Tx,2.12,0.789,2.351,
King William Va,1.354,0.753,1.221,
King Wa,1.857,0.731,1.342,
Kingman Ks,1.854,0.743,1.345,
Kingfisher Ok,1.85,0.678,2.117,
Kings Ny,2.142,0.823,2.341,
Kingsbury Sd,2.35,0.65,2.15,
Kings Ca,1.823,0.741,1.451,
Kinney Tx,1.82,0.741,1.431,
Kiowa Co,2.123,0.678,2.357,
Kiowa Ks,1.842,0.678,1.356,
Kiowa Ok,2.142,0.657,2.353,
Kit Carson Co,0.833,0.625,1.256,
Kitsap Wa,1.542,0.761,1.327,
Kittitas Wa,2.35,0.75,2.15,
Kittson Mn,1.857,0.628,1.442,
Kleberg Tx,1.85,0.72,1.32,
Klamath Or,1.854,0.743,1.444,
Klickitat Wa,2.352,0.823,2.117,
Knott Ky,1.85,0.75,1.95,
Knox Il,2.123,0.671,2.145,
Knox In,2.123,0.671,2.321,
Knox Me,1.342,0.821,1.231,
Knox Ky,2.12,0.753,2.345,
Knox Mo,1.85,0.623,1.427,
Knox Ne,2.145,0.823,1.982,
Knox Oh,1.854,0.732,1.354,
Knox Tx,1.82,0.741,1.431,
Kodiak Island Ak,2.351,0.823,2.117,
Knox Tn,2.12,0.731,2.34,
Koochiching Mn,2.124,0.732,2.145,
Kootenai Id,1.351,0.623,1.421,
Kossuth Ia,2.123,0.857,2.421,
Kusilvak Ak,2.35,0.72,2.11,
Kosciusko In,1.854,0.754,2.141,
La Crosse Wi,2.124,0.742,2.154,
La Plata Co,2.142,0.823,2.354,
La Paz Az,2.123,0.732,2.456,
La Salle Tx,2.123,0.756,1.934,
Labette Ks,1.842,0.657,2.051,
Lac Qui Parle Mn,2.321,0.742,2.156,
Laclede Mo,1.823,0.756,1.357,
Lackawanna Pa,2.125,0.753,1.854,
Lafayette Ar,2.275,0.821,1.936,
Lafayette Fl,2.123,0.756,2.475,
Lafayette Mo,2.15,0.62,2.35,
Lafayette La,1.854,0.734,1.351,
Lafayette Ms,1.825,0.712,1.427,
Lafayette Wi,1.85,0.75,1.4,
Lajas Pr,2.123,0.678,2.456,
Lagrange In,2.35,0.72,2.1,
Lake And Peninsula Ak,1.85,0.65,1.35,
Lafourche La,2.35,0.65,2.15,
Lake Ca,2.35,0.65,2.15,
Lake Co,1.85,0.623,2.05,
Lake Il,2.124,0.754,2.351,
Lake In,2.35,0.75,2.15,
Lake Fl,2.35,0.65,2.15,
Lake Mi,1.85,0.65,1.3,
Lake Mn,2.123,0.854,1.987,
Lake Of The Woods Mn,2.15,0.75,1.983,
Lake Mt,1.234,0.678,1.123,
Lake Oh,1.85,0.623,1.32,
Lake Or,2.125,0.75,2.475,
Lake Sd,2.275,0.822,2.145,
Lamar Al,2.123,0.671,1.854,
Lake Tn,2.15,0.75,2.45,
Lamar Ga,1.42,0.753,1.351,
Lamar Ms,1.854,0.741,1.321,
Lamar Tx,1.854,0.754,1.431,
Lamoure Nd,1.85,0.753,1.32,
Lamb Tx,2.12,0.75,2.45,
Lampasas Tx,2.12,0.821,2.15,
Lancaster Ne,1.853,0.823,1.444,
Lamoille Vt,1.352,0.753,1.216,
Lancaster Pa,2.35,0.75,2.15,
Lancaster Sc,1.857,0.823,1.421,
Lancaster Va,2.124,0.823,2.456,
Lander Nv,2.124,0.657,2.357,
Lane Ks,1.854,0.631,1.442,
Lane Or,2.12,0.821,1.935,
Lanier Ga,2.341,0.753,2.121,
Langlade Wi,2.215,0.823,1.923,
Lapeer Mi,1.85,0.657,1.32,
Laporte In,2.35,0.8,2.45,
Laramie Wy,2.35,0.85,2.12,
Lares Pr,2.35,0.82,2.11,
Larimer Co,2.124,0.821,2.351,
Larue Ky,1.857,0.623,1.321,
Las Animas Co,1.85,0.72,1.32,
Las Marías Pr,2.15,0.55,2.35,
Las Piedras Pr,1.85,0.55,1.22,
Lasalle Il,2.127,0.763,1.876,
Lasalle La,2.15,0.62,2.43,
Lassen Ca,2.351,0.813,2.175,
Latimer Ok,2.215,0.753,2.125,
Latah Id,0.813,0.657,1.235,
Lauderdale Al,1.825,0.623,1.352,
Lauderdale Ms,2.321,0.742,2.105,
Lauderdale Tn,1.821,0.763,1.357,
Laurens Ga,1.85,0.752,1.45,
Laurel Ky,1.82,0.657,1.45,
Lavaca Tx,1.85,0.752,1.45,
Laurens Sc,1.351,0.823,1.243,
Lawrence Al,1.654,0.753,1.234,
Lawrence In,2.117,0.823,2.454,
Lawrence Ar,2.124,0.742,2.357,
Lawrence Ky,2.145,0.732,2.185,
Lawrence Il,1.234,0.687,1.456,
Lawrence Ms,2.35,0.785,2.13,
Lawrence Oh,2.35,0.65,2.12,
Lawrence Mo,1.854,0.753,1.442,
Lawrence Sd,2.215,0.621,2.115,
Lawrence Pa,1.852,0.742,1.455,
Lawrence Tn,1.854,0.823,1.456,
Le Flore Ok,2.142,0.755,2.341,
Leake Ms,1.85,0.623,1.321,
Le Sueur Mn,1.35,0.85,1.45,
Leavenworth Ks,2.127,0.761,2.352,
Lea Nm,1.853,0.621,1.441,
Lee Al,2.15,0.62,2.35,
Lebanon Pa,2.125,0.675,2.421,
Lee Ar,2.15,0.753,2.42,
Lee Fl,2.35,0.74,2.15,
Lee Ia,1.35,0.72,1.23,
Lee Ga,2.123,0.671,2.357,
Lee Il,2.117,0.823,2.456,
Lee Ms,2.35,0.85,2.17,
Lee Ky,2.354,0.763,2.142,
Lee Nc,2.15,0.72,2.35,
Lee Sc,2.15,0.82,2.35,
Lee Tx,2.145,0.753,2.115,
Lee Va,2.145,0.823,2.175,
Leflore Ms,2.117,0.753,2.245,
Leelanau Mi,1.345,0.672,1.235,
Lemhi Id,1.85,0.62,2.13,
Lehigh Pa,1.852,0.743,1.456,
Lenawee Mi,1.852,0.621,1.442,
Leon Fl,1.853,0.621,1.351,
Lenoir Nc,2.115,0.623,2.145,
Letcher Ky,1.854,0.734,2.141,
Leslie Ky,2.117,0.654,2.351,
Leon Tx,2.35,0.75,2.15,
Lewis And Clark Mt,2.124,0.823,2.456,
Levy Fl,2.15,0.82,2.43,
Lewis Ky,2.123,0.765,2.456,
Lewis Id,2.341,0.821,2.156,
Lewis Mo,2.351,0.734,1.923,
Lewis Tn,2.321,0.821,2.147,
Lewis Ny,2.35,0.72,2.12,
Lewis Wa,1.85,0.65,1.42,
Lewis Wv,1.654,0.741,1.345,
Lexington Va,2.125,0.812,2.275,
Lexington Sc,1.42,0.741,1.351,
Liberty Fl,1.854,0.754,1.345,
Liberty Mt,2.12,0.731,2.35,
Liberty Ga,1.42,0.789,1.321,
Liberty Tx,1.852,0.623,1.456,
Licking Oh,2.125,0.712,2.321,
Limestone Al,2.15,0.621,2.341,
Limestone Tx,1.85,0.627,1.45,
Lincoln Ar,2.117,0.823,2.354,
Lincoln Ga,2.35,0.62,2.12,
Lincoln Co,1.85,0.752,1.427,
Lincoln Ks,2.15,0.75,2.32,
Lincoln Id,2.215,0.821,1.923,
Lincoln Ky,2.123,0.876,2.351,
Lincoln Mn,1.857,0.621,1.394,
Lincoln Me,2.275,0.657,2.125,
Lincoln La,1.85,0.65,2.22,
Lincoln Mo,2.15,0.75,2.25,
Lincoln Ms,2.35,0.65,2.85,
Lincoln Mt,1.823,0.742,1.456,
Lincoln Nc,1.824,0.857,1.345,
Lincoln Ne,1.854,0.823,1.442,
Lincoln Nm,1.42,0.85,1.35,
Lincoln Ok,1.854,0.743,1.323,
Lincoln Or,1.854,0.741,1.321,
Lincoln Nv,1.854,0.742,1.321,
Lincoln Sd,2.141,0.657,2.353,
Lincoln Tn,2.123,0.789,2.456,
Lincoln Wa,1.425,0.822,1.475,
Lincoln Wi,1.234,0.678,1.456,
Lincoln Wy,1.82,0.657,1.451,
Lincoln Wv,2.35,0.65,2.15,
Linn Ia,1.854,0.731,1.345,
Linn Mo,2.143,0.621,2.115,
Linn Ks,2.127,0.741,2.354,
Linn Or,2.35,0.823,2.142,
Lipscomb Tx,2.35,0.621,2.117,
Little River Ar,2.12,0.752,2.35,
Live Oak Tx,1.854,0.732,1.421,
Livingston Il,1.352,0.812,1.456,
Livingston Ky,2.142,0.854,2.356,
Livingston Mi,1.857,0.734,1.432,
Livingston Mo,1.42,0.734,1.253,
Livingston La,2.321,0.734,2.114,
Livingston Ny,2.12,0.752,1.823,
Llano Tx,2.15,0.82,2.35,
Logan Co,1.854,0.763,1.343,
Logan Il,1.654,0.732,1.321,
Logan Ar,2.12,0.621,1.813,
Logan Ky,2.143,0.623,2.351,
Logan Nd,2.12,0.82,2.35,
Logan Ne,2.117,0.823,1.934,
Logan Oh,2.143,0.753,2.317,
Logan Ks,1.234,0.675,1.234,
Logan Ok,1.351,0.753,1.225,
Logan Wv,2.123,0.741,2.456,
Loíza Pr,2.35,0.65,2.123,
Long Ga,1.854,0.621,1.425,
Lonoke Ar,2.352,0.742,2.114,
Los Alamos Nm,1.854,0.764,1.351,
Lorain Oh,1.854,0.621,1.321,
Los Angeles Ca,2.123,0.823,2.512,
Loudon Tn,1.234,0.765,1.567,
Louisa Ia,1.85,0.621,1.456,
Loudoun Va,1.854,0.764,1.321,
Louisa Va,1.342,0.753,1.231,
Loup Ne,2.142,0.653,2.351,
Love Ok,1.854,0.632,1.341,
Loving Tx,2.145,0.785,2.456,
Lower Connecticut River Valley Ct,2.215,0.657,2.121,
Lowndes Al,1.857,0.731,2.123,
Lowndes Ga,1.234,0.678,1.123,
Lubbock Tx,1.854,0.752,2.123,
Lowndes Ms,1.821,0.734,1.345,
Lucas Ia,1.854,0.742,1.354,
Lucas Oh,1.85,0.65,1.45,
Luce Mi,2.352,0.823,2.142,
Lumpkin Ga,2.15,0.621,2.35,
Luna Nm,1.854,0.763,1.425,
Luquillo Pr,1.857,0.621,1.341,
Lunenburg Va,2.35,0.72,1.98,
Luzerne Pa,2.142,0.678,2.321,
Lycoming Pa,1.354,0.742,1.231,
Lyman Sd,1.35,0.623,1.421,
Lynn Tx,2.117,0.632,2.353,
Lynchburg Va,2.125,0.687,2.421,
Lyon Ia,2.35,0.62,2.12,
Lyon Mn,1.85,0.753,1.421,
Lyon Ks,1.854,0.742,1.321,
Lyon Nv,1.342,0.756,1.123,
Mackinac Mi,2.141,0.821,2.351,
Lyon Ky,2.15,0.65,2.321,
Macon Al,2.123,0.621,2.356,
Macon Ga,2.143,0.823,2.415,
Macomb Mi,1.542,0.823,1.354,
Macon Mo,1.351,0.623,1.213,
Macon Il,1.854,0.672,2.135,
Macon Nc,2.275,0.842,2.123,
Macon Tn,2.125,0.675,2.425,
Macoupin Il,2.123,0.654,2.421,
Madison Al,2.15,0.82,2.35,
Madera Ca,2.15,0.85,2.35,
Madison Ga,2.35,0.72,2.123,
Madison Ar,1.854,0.823,1.421,
Madison Fl,2.143,0.731,1.853,
Madison Ia,1.351,0.623,1.425,
Madison Il,2.15,0.675,2.45,
Madison Id,2.12,0.85,2.35,
Madison In,1.857,0.623,1.345,
Madison Ky,1.85,0.82,1.53,
Madison Mo,1.854,0.743,1.354,
Madison Ms,2.15,0.623,2.115,
Madison La,2.123,0.789,2.456,
Madison Nc,1.35,0.65,1.42,
Madison Mt,2.123,0.876,2.456,
Madison Ne,1.854,0.823,1.351,
Madison Ny,2.321,0.754,2.155,
Madison Oh,2.15,0.82,2.32,
Madison Tn,1.854,0.753,1.321,
Madison Va,1.852,0.755,1.426,
Madison Tx,2.15,0.65,2.3,
Magoffin Ky,2.143,0.654,2.123,
Mahaska Ia,1.854,0.742,1.431,
Mahnomen Mn,2.35,0.75,2.123,
Mahoning Oh,2.15,0.75,2.123,
Major Ok,2.123,0.789,1.986,
Malheur Or,2.275,0.823,2.421,
Manassas Park Va,1.35,0.82,1.42,
Manassas Va,2.12,0.85,2.45,
Manatee Fl,2.125,0.687,2.341,
Manatí Pr,2.143,0.623,2.456,
Manistee Mi,2.15,0.753,2.321,
Manitowoc Wi,1.854,0.623,1.321,
Marengo Al,1.854,0.734,1.423,
Manu'A As,2.125,0.675,2.45,
Marathon Wi,2.12,0.741,2.55,
Maricao Pr,2.115,0.823,1.857,
Maricopa Az,2.115,0.832,1.923,
Marin Ca,2.35,0.62,2.12,
Maries Mo,1.825,0.753,1.419,
Marinette Wi,1.35,0.62,1.48,
Marion Al,1.342,0.823,1.219,
Marion Ar,1.854,0.743,1.325,
Marion Fl,2.12,0.752,2.145,
Marion Ga,2.35,0.82,2.11,
Marion Ia,2.35,0.85,2.12,
Marion Il,1.85,0.823,1.351,
Marion In,2.121,0.821,2.154,
Marion Ks,1.654,0.732,1.321,
Marion Mo,1.842,0.754,1.523,
Marion Ky,1.234,0.765,1.123,
Marion Ms,2.35,0.62,2.12,
Marion Oh,1.354,0.741,1.217,
Marion Or,1.85,0.752,2.12,
Marion Sc,2.12,0.823,2.45,
Marion Tn,2.321,0.761,2.115,
Marion Tx,2.123,0.741,2.156,
Marion Wv,2.125,0.857,2.275,
Mariposa Ca,1.854,0.753,1.345,
Marlboro Sc,2.123,0.654,2.567,
Marquette Mi,1.234,0.623,1.845,
Marquette Wi,2.12,0.621,2.35,
Marshall Ia,2.143,0.734,2.115,
Marshall Il,1.42,0.652,1.231,
Marshall Al,1.852,0.742,1.354,
Marshall In,1.85,0.65,1.3,
Marshall Ks,2.15,0.8,2.35,
Marshall Ky,2.15,0.62,2.35,
Marshall Ms,2.35,0.75,2.15,
Marshall Ok,2.125,0.675,2.425,
Marshall Mn,2.15,0.72,2.35,
Marshall Sd,1.854,0.742,1.351,
Martin Fl,2.15,0.85,2.45,
Marshall Wv,2.123,0.753,2.456,
Marshall Tn,2.123,0.657,2.354,
Martin In,2.321,0.761,2.115,
Martin Mn,2.141,0.734,2.357,
Martin Ky,2.15,0.823,2.357,
Martin Nc,2.145,0.678,2.512,
Martin Tx,1.852,0.754,1.475,
Mason Il,1.821,0.763,1.442,
Martinsville Va,2.12,0.731,2.35,
Mason Ky,2.117,0.823,2.354,
Mason Mi,2.123,0.621,2.145,
Mason Tx,2.121,0.731,2.245,
Mason Wa,1.854,0.823,1.434,
Massac Il,2.123,0.742,2.456,
Matagorda Tx,1.857,0.671,1.345,
Matanuska-Susitna Ak,2.341,0.754,2.187,
Mason Wv,1.857,0.732,1.354,
Mathews Va,2.142,0.756,2.354,
Maui Hi,1.823,0.654,2.115,
Maunabo Pr,2.123,0.654,2.457,
Maury Tn,2.341,0.823,2.117,
Mayagüez Pr,1.854,0.632,1.442,
Maverick Tx,2.123,0.678,2.455,
Mayes Ok,2.354,0.823,2.118,
Mccone Mt,2.12,0.65,2.55,
Mccook Sd,2.215,0.783,1.854,
Mcclain Ok,2.354,0.623,2.119,
Mccormick Sc,1.342,0.753,1.219,
Mccracken Ky,2.351,0.753,2.142,
Mcculloch Tx,2.215,0.785,2.425,
Mccreary Ky,2.117,0.654,1.876,
Mccurtain Ok,2.12,0.671,1.83,
Mcdonald Mo,2.351,0.823,2.115,
Mcdonough Il,1.35,0.82,1.22,
Mcdowell Nc,2.35,0.75,2.15,
Mcdowell Wv,2.123,0.671,2.351,
Mchenry Il,2.141,0.823,2.355,
Mchenry Nd,2.12,0.82,2.35,
Mcintosh Ga,2.124,0.753,2.351,
Mcintosh Nd,2.123,0.741,2.512,
Mcintosh Ok,1.854,0.623,1.357,
Mcduffie Ga,2.35,0.72,2.15,
Mckinley Nm,2.141,0.732,2.185,
Mckenzie Nd,2.35,0.75,2.85,
Mckean Pa,2.123,0.621,2.456,
Mclean Il,1.32,0.62,1.23,
Mclean Ky,1.854,0.712,1.425,
Mclean Nd,1.321,0.823,1.456,
Mcminn Tn,2.15,0.82,2.55,
Mcleod Mn,1.234,0.675,1.876,
Mclennan Tx,1.85,0.75,1.43,
Mcnairy Tn,2.127,0.854,2.351,
Mcpherson Ks,1.854,0.763,1.357,
Mcmullen Tx,1.354,0.657,1.123,
Mcpherson Ne,2.341,0.823,2.124,
Meade Ks,2.15,0.621,2.375,
Meade Ky,2.117,0.678,2.456,
Meade Sd,2.125,0.857,2.351,
Mcpherson Sd,1.85,0.65,1.43,
Meagher Mt,2.35,0.85,2.15,
Mecklenburg Nc,2.123,0.753,2.475,
Mecosta Mi,2.275,0.812,2.123,
Mecklenburg Va,2.15,0.783,2.345,
Medina Oh,1.85,0.75,1.35,
Medina Tx,1.342,0.623,1.215,
Meigs Oh,2.123,0.734,2.351,
Meigs Tn,2.15,0.82,2.35,
Meeker Mn,1.85,0.823,1.35,
Menard Il,2.142,0.734,2.221,
Mellette Sd,2.127,0.743,2.351,
Menard Tx,2.35,0.72,2.1,
Mendocino Ca,2.123,0.756,2.357,
Menifee Ky,2.15,0.65,2.35,
Menominee Wi,1.854,0.742,1.456,
Menominee Mi,1.345,0.623,1.218,
Mercer Il,2.15,0.63,2.35,
Mercer Ky,2.321,0.741,2.142,
Merced Ca,1.35,0.729,1.221,
Mercer Mo,2.321,0.753,2.147,
Mercer Nj,0.321,0.765,1.219,
Mercer Nd,2.123,0.876,2.354,
Mercer Pa,2.35,0.75,2.125,
Mercer Wv,1.823,0.754,1.425,
Mercer Oh,2.125,0.675,2.475,
Merrick Ne,2.121,0.761,2.341,
Meriwether Ga,1.352,0.821,1.245,
Merrimack Nh,1.654,0.857,1.345,
Mesa Co,2.124,0.857,2.475,
Metcalfe Ky,2.351,0.761,2.145,
Miami In,2.275,0.812,1.825,
Miami Ks,1.35,0.75,1.42,
Miami Oh,1.85,0.752,1.32,
Middlesex Ma,2.217,0.823,2.141,
Middlesex Nj,2.125,0.678,2.421,
Miami-Dade Fl,2.357,0.734,2.123,
Midland Mi,1.275,0.823,1.351,
Middlesex Va,1.354,0.764,1.221,
Milam Tx,1.854,0.823,1.456,
Midland Tx,1.23,0.78,1.45,
Millard Ut,2.117,0.823,2.354,
Mifflin Pa,2.145,0.823,2.235,
Mille Lacs Mn,2.127,0.857,2.352,
Miller Ar,2.123,0.857,2.456,
Miller Ga,1.821,0.823,1.455,
Mills Ia,2.35,0.82,2.15,
Miller Mo,1.857,0.623,2.051,
Mills Tx,2.143,0.671,2.357,
Milwaukee Wi,2.12,0.82,2.44,
Miner Sd,2.143,0.654,2.117,
Mineral Co,2.125,0.785,2.275,
Mineral Nv,2.12,0.82,2.45,
Mineral Mt,2.352,0.823,2.117,
Mineral Wv,1.854,0.732,1.431,
Minidoka Id,2.321,0.678,2.151,
Mingo Wv,2.352,0.742,2.115,
Minnehaha Sd,2.143,0.821,1.843,
Mississippi Ar,1.82,0.654,1.43,
Missaukee Mi,1.654,0.732,1.342,
Mississippi Mo,1.823,0.621,1.454,
Mitchell Ga,1.854,0.632,2.111,
Missoula Mt,2.35,0.82,2.12,
Mitchell Ia,2.121,0.821,2.341,
Mitchell Ks,1.85,0.742,1.32,
Mitchell Tx,1.854,0.623,1.432,
Mitchell Nc,2.115,0.632,1.821,
Mobile Al,1.852,0.756,1.439,
Moca Pr,2.115,0.623,1.825,
Moffat Co,2.145,0.823,1.845,
Modoc Ca,1.854,0.742,1.345,
Mohave Az,1.82,0.632,1.451,
Moniteau Mo,2.121,0.741,1.895,
Mono Ca,2.125,0.675,2.425,
Monona Ia,2.217,0.753,1.857,
Monmouth Nj,1.857,0.734,1.354,
Monongalia Wv,2.123,0.734,1.845,
Monroe Ar,1.854,0.753,1.324,
Monroe Fl,1.823,0.732,1.475,
Monroe Al,2.127,0.854,2.351,
Monroe Ia,2.142,0.853,2.351,
Monroe Ga,2.15,0.65,1.85,
Monroe Il,2.15,0.82,1.8,
Monroe In,2.217,0.761,2.143,
Monroe Ky,2.124,0.756,2.342,
Monroe Mi,2.145,0.675,2.352,
Monroe Mo,2.12,0.741,2.35,
Monroe Ms,2.12,0.78,1.85,
Monroe Ny,2.35,0.65,2.15,
Monroe Oh,2.321,0.753,2.145,
Monroe Pa,1.854,0.823,1.321,
Monroe Wi,1.35,0.78,1.23,
Monroe Wv,1.854,0.734,1.431,
Monroe Tn,2.123,0.857,2.341,
Montague Tx,2.35,0.75,2.15,
Monterey Ca,1.854,0.742,1.345,
Montcalm Mi,2.15,0.821,2.351,
Montgomery Ar,2.142,0.678,1.935,
Montezuma Co,2.351,0.734,2.114,
Montgomery Al,2.124,0.854,2.341,
Montgomery Ga,2.124,0.857,2.341,
Montgomery Ia,2.15,0.657,2.32,
Montgomery Il,2.121,0.742,2.154,
Montgomery Ks,1.854,0.754,1.326,
Montgomery Ky,1.854,0.823,2.145,
Montgomery In,2.123,0.761,2.456,
Montgomery Md,2.15,0.83,2.32,
Montgomery Mo,1.854,0.723,1.442,
Montgomery Nc,1.857,0.785,1.351,
Montgomery Ms,1.82,0.741,1.44,
Montgomery Ny,2.341,0.753,2.185,
Montgomery Oh,2.12,0.761,2.345,
Montgomery Pa,2.12,0.82,2.45,
Montgomery Tn,2.124,0.823,1.857,
Montgomery Va,1.82,0.743,1.341,
Montgomery Tx,2.321,0.752,2.456,
Montour Pa,2.35,0.85,1.95,
Montrose Co,2.123,0.678,2.351,
Montmorency Mi,2.15,0.62,2.35,
Moody Sd,1.854,0.734,1.323,
Moore Nc,2.321,0.754,2.143,
Moore Tn,1.35,0.823,1.475,
Moore Tx,1.854,0.734,1.343,
Mora Nm,2.321,0.761,2.124,
Morgan Al,2.141,0.821,2.351,
Morgan Co,2.215,0.823,2.351,
Morgan Ga,2.217,0.823,2.115,
Morehouse La,2.123,0.621,2.354,
Morgan Il,1.825,0.857,2.143,
Morgan In,2.35,0.85,2.55,
Morgan Ky,2.35,0.75,2.45,
Morgan Mo,1.85,0.72,1.55,
Morgan Oh,2.142,0.823,2.351,
Morgan Tn,2.12,0.671,2.34,
Morgan Ut,2.142,0.823,2.354,
Morgan Wv,2.12,0.78,2.15,
Morovis Pr,2.141,0.621,2.341,
Morrill Ne,2.115,0.628,1.943,
Morris Tx,1.821,0.732,1.456,
Morris Ks,2.121,0.823,2.151,
Morris Nj,2.15,0.82,2.45,
Morrow Oh,1.854,0.623,2.157,
Morrow Or,1.35,0.72,1.42,
Morton Nd,1.854,0.753,1.323,
Morrison Mn,1.542,0.857,1.321,
Morton Ks,2.115,0.823,2.235,
Moultrie Il,1.85,0.742,1.45,
Motley Tx,2.123,0.765,1.901,
Mountrail Nd,2.351,0.823,2.115,
Mower Mn,1.82,0.731,1.442,
Muhlenberg Ky,1.854,0.732,1.442,
Multnomah Or,2.35,0.82,2.15,
Murray Ga,2.35,0.78,2.125,
Murray Ok,1.35,0.657,1.421,
Muscatine Ia,2.141,0.823,2.351,
Murray Mn,2.15,0.675,2.351,
Muskegon Mi,1.854,0.741,2.145,
Muskingum Oh,1.654,0.741,1.273,
Muscogee Ga,2.321,0.753,2.142,
Musselshell Mt,2.351,0.822,2.145,
Nacogdoches Tx,1.854,0.783,1.321,
Muskogee Ok,2.123,0.753,2.354,
Naguabo Pr,2.141,0.731,2.351,
Nance Ne,2.123,0.678,2.456,
Nantucket Ma,1.854,0.734,2.142,
Napa Ca,1.42,0.732,1.357,
Naranjito Pr,2.123,0.789,2.456,
Nash Nc,2.123,0.753,2.357,
Nassau Ny,2.351,0.753,2.115,
Natchitoches La,2.35,0.783,2.117,
Nassau Fl,2.12,0.82,2.35,
Natrona Wy,1.821,0.741,1.432,
Naugatuck Valley Ct,1.823,0.756,1.456,
Navarro Tx,1.824,0.741,1.356,
Navajo Az,1.842,0.753,1.356,
Nelson Nd,1.854,0.621,2.141,
Nelson Ky,2.123,0.654,2.421,
Nelson Va,2.115,0.753,2.351,
Nemaha Ks,2.321,0.741,2.157,
Nemaha Ne,2.15,0.75,2.45,
Neosho Ks,1.854,0.743,1.456,
Ness Ks,2.117,0.734,1.983,
Neshoba Ms,1.85,0.62,1.41,
Nevada Ar,2.321,0.789,2.145,
Nevada Ca,2.352,0.743,2.119,
New Castle De,2.35,0.74,2.15,
New Kent Va,1.542,0.823,1.321,
New Hanover Nc,2.123,0.812,2.454,
New Madrid Mo,2.127,0.623,1.895,
New York Ny,2.143,0.821,2.351,
Newaygo Mi,1.857,0.755,1.345,
Newberry Sc,2.35,0.65,2.175,
Newport Ri,2.35,0.82,2.12,
Newport News Va,2.275,0.753,2.124,
Newton Ar,1.354,0.623,1.235,
Newton Ga,2.121,0.742,2.351,
Newton In,2.15,0.623,1.987,
Newton Mo,1.854,0.623,1.442,
Newton Ms,2.124,0.876,2.456,
Newton Tx,1.854,0.712,1.432,
Nez Perce Id,2.275,0.657,2.123,
Niagara Ny,2.12,0.63,1.94,
Nicholas Ky,1.854,0.734,1.423,
Nicholas Wv,1.823,0.755,1.445,
Nicollet Mn,1.35,0.85,2.115,
Noble In,2.35,0.72,2.12,
Noble Oh,2.123,0.678,2.456,
Niobrara Wy,2.12,0.734,2.356,
Noble Ok,1.234,0.675,2.115,
Nodaway Mo,1.857,0.742,1.431,
Nobles Mn,2.351,0.823,2.157,
Nolan Tx,1.351,0.823,1.456,
Nome Ak,1.351,0.742,1.243,
Norfolk Va,1.824,0.763,1.434,
Norfolk Ma,1.854,0.623,1.431,
Norman Mn,1.234,0.678,1.567,
North Slope Ak,1.351,0.623,1.215,
Northampton Va,2.275,0.823,2.143,
Northampton Pa,1.85,0.678,1.342,
Northampton Nc,2.35,0.72,2.14,
Northern Islands Mp,2.123,0.657,2.351,
Northeastern Connecticut Ct,2.12,0.82,2.45,
Northumberland Pa,1.82,0.732,1.451,
Northwest Arctic Ak,2.123,0.621,2.555,
Northumberland Va,1.854,0.621,1.345,
Northwest Hills Ct,2.127,0.821,2.356,
Norton Ks,1.35,0.729,1.221,
Norton Va,2.15,0.62,1.98,
Nowata Ok,2.145,0.621,1.854,
Nottoway Va,2.125,0.678,1.875,
Noxubee Ms,1.351,0.763,1.219,
Nueces Tx,2.351,0.823,2.141,
Nye Nv,2.215,0.734,2.145,
Nuckolls Ne,2.123,0.623,1.876,
Oakland Mi,1.234,0.678,1.456,
O'Brien Ia,2.123,0.756,2.415,
Obion Tn,2.143,0.753,2.321,
Ocean Nj,2.127,0.854,2.351,
Oceana Mi,1.842,0.823,2.115,
Ochiltree Tx,2.321,0.761,2.456,
Oconee Sc,2.15,0.75,2.45,
Oconee Ga,2.35,0.72,2.42,
Oconto Wi,1.35,0.82,1.21,
Ogemaw Mi,2.123,0.789,2.156,
Oglala Lakota Sd,2.354,0.621,2.125,
Ogle Il,2.321,0.753,1.956,
Oglethorpe Ga,2.35,0.85,2.22,
Ohio In,2.12,0.821,2.357,
Ohio Ky,2.145,0.753,2.321,
Ohio Wv,1.823,0.854,1.354,
Okanogan Wa,2.35,0.65,2.13,
Okaloosa Fl,1.853,0.741,1.354,
Okeechobee Fl,2.35,0.7,2.15,
Okfuskee Ok,2.345,0.765,2.187,
Oklahoma Ok,1.85,0.657,2.121,
Okmulgee Ok,2.127,0.763,2.354,
Oldham Ky,2.12,0.823,2.35,
Oktibbeha Ms,1.342,0.621,1.245,
Oldham Tx,2.35,0.741,2.12,
Oliver Nd,1.85,0.65,1.55,
Oneida Ny,1.351,0.763,1.213,
Oneida Id,2.275,0.842,2.123,
Olmsted Mn,2.15,0.823,1.932,
Oneida Wi,2.215,0.752,1.928,
Onondaga Ny,1.854,0.623,1.434,
Onslow Nc,2.143,0.751,2.321,
Ontario Ny,1.857,0.731,1.431,
Ontonagon Mi,1.45,0.623,1.215,
Orange In,2.215,0.675,2.135,
Orange Ca,2.217,0.752,2.134,
Orange Fl,2.145,0.678,2.421,
Orange Tx,1.857,0.621,1.433,
Orange Nc,1.234,0.678,1.456,
Orange Ny,2.217,0.756,2.134,
Orangeburg Sc,2.125,0.675,2.456,
Orange Va,2.215,0.857,1.943,
Orleans La,2.121,0.754,1.853,
Orange Vt,1.354,0.672,1.219,
Oregon Mo,2.125,0.687,2.321,
Orleans Ny,2.125,0.812,2.452,
Orleans Vt,2.15,0.75,1.92,
Orocovis Pr,2.123,0.623,2.456,
Osage Ks,2.217,0.654,2.143,
Osage Mo,2.141,0.823,2.354,
Osborne Ks,1.354,0.763,1.231,
Osceola Fl,2.352,0.742,2.115,
Osceola Ia,2.127,0.854,2.456,
Osceola Mi,2.123,0.675,2.357,
Osage Ok,2.352,0.823,2.117,
Oscoda Mi,1.352,0.628,1.143,
Oswego Ny,1.345,0.623,1.219,
Otero Co,2.35,0.623,2.187,
Otero Nm,2.351,0.742,2.185,
Otoe Ne,2.145,0.756,2.125,
Otsego Mi,1.654,0.823,1.231,
Otsego Ny,1.854,0.732,1.345,
Ottawa Mi,1.854,0.623,1.342,
Ottawa Ks,2.12,0.82,1.88,
Ottawa Oh,1.857,0.823,1.439,
Otter Tail Mn,1.821,0.742,1.431,
Ottawa Ok,2.217,0.823,2.154,
Ouachita Ar,2.125,0.625,1.875,
Ouray Co,2.125,0.675,2.45,
Ouachita La,2.351,0.712,2.187,
Outagamie Wi,1.854,0.742,1.325,
Owen Ky,2.321,0.734,2.155,
Owen In,1.854,0.761,1.433,
Overton Tn,2.35,0.82,2.15,
Owsley Ky,1.45,0.65,1.35,
Owyhee Id,2.145,0.857,2.357,
Ozark Mo,2.275,0.857,2.512,
Oxford Me,2.123,0.654,1.819,
Pacific Wa,2.12,0.789,2.35,
Page Ia,2.35,0.627,2.117,
Ozaukee Wi,2.123,0.854,2.421,
Page Va,2.215,0.753,2.135,
Palo Pinto Tx,2.35,0.82,2.12,
Palm Beach Fl,2.32,0.742,2.15,
Palo Alto Ia,2.12,0.821,2.45,
Panola Ms,1.835,0.623,1.431,
Pamlico Nc,2.35,0.821,2.123,
Park Co,1.85,0.623,1.45,
Panola Tx,2.123,0.657,2.456,
Park Mt,2.123,0.789,2.456,
Park Wy,2.321,0.742,2.143,
Parke In,2.341,0.623,2.124,
Parker Tx,2.123,0.765,2.456,
Parmer Tx,2.15,0.72,2.43,
Pasquotank Nc,2.354,0.822,2.115,
Pasco Fl,2.35,0.75,2.15,
Patillas Pr,2.351,0.823,2.187,
Passaic Nj,2.351,0.783,2.117,
Patrick Va,2.141,0.623,2.353,
Paulding Oh,2.142,0.753,2.354,
Paulding Ga,2.341,0.621,2.115,
Pawnee Ks,1.42,0.623,1.351,
Pawnee Ne,1.854,0.742,1.423,
Pawnee Ok,1.854,0.742,1.323,
Payne Ok,2.217,0.753,2.135,
Peach Ga,1.85,0.72,1.43,
Payette Id,1.854,0.741,2.115,
Pearl River Ms,1.351,0.678,1.421,
Pecos Tx,1.85,0.72,1.65,
Pembina Nd,2.35,0.75,2.17,
Pend Oreille Wa,1.854,0.623,1.354,
Pemiscot Mo,2.35,0.62,2.13,
Pendleton Ky,2.123,0.621,2.452,
Pender Nc,1.85,0.65,1.35,
Pendleton Wv,2.321,0.734,2.145,
Pennington Sd,2.124,0.756,2.351,
Pennington Mn,1.82,0.743,1.35,
Peoria Il,2.12,0.621,2.35,
Peñuelas Pr,1.854,0.731,1.345,
Pepin Wi,1.351,0.623,1.419,
Perkins Ne,2.12,0.742,2.341,
Penobscot Me,2.123,0.678,2.356,
Perkins Sd,1.85,0.75,1.35,
Perry Al,2.351,0.753,2.117,
Perquimans Nc,2.123,0.734,2.457,
Perry Ar,1.854,0.741,1.341,
Perry Il,2.125,0.623,1.925,
Perry In,1.351,0.621,1.225,
Perry Ky,2.321,0.753,2.142,
Perry Oh,1.854,0.734,1.341,
Perry Pa,2.143,0.731,2.357,
Perry Mo,2.35,0.75,2.45,
Perry Ms,2.123,0.671,2.456,
Pershing Nv,1.35,0.72,1.42,
Perry Tn,1.854,0.823,2.123,
Person Nc,1.85,0.627,1.475,
Petersburg Va,2.145,0.823,2.351,
Petersburg Ak,2.351,0.621,2.115,
Petroleum Mt,2.117,0.621,2.143,
Phelps Mo,2.123,0.821,2.354,
Pettis Mo,2.35,0.72,2.15,
Phelps Ne,1.82,0.741,1.35,
Phillips Ar,2.35,0.75,2.123,
Philadelphia Pa,1.351,0.823,1.215,
Phillips Co,1.852,0.752,2.145,
Phillips Ks,2.145,0.678,2.512,
Phillips Mt,2.35,0.82,2.12,
Piatt Il,1.234,0.654,1.123,
Pickaway Oh,2.35,0.82,2.12,
Pickens Al,1.342,0.761,1.214,
Pickett Tn,1.854,0.632,1.342,
Pickens Sc,2.35,0.65,2.12,
Pickens Ga,2.12,0.65,1.83,
Pierce Ne,2.35,0.82,2.15,
Pierce Ga,1.854,0.742,1.345,
Pierce Nd,1.234,0.876,1.654,
Pierce Wa,1.854,0.742,1.326,
Pike Al,1.85,0.65,2.42,
Pierce Wi,1.85,0.752,1.32,
Pike Ar,1.854,0.731,1.432,
Pike Ga,2.123,0.678,2.354,
Pike Il,2.35,0.741,2.115,
Pike In,2.35,0.65,2.123,
Pike Ky,2.124,0.741,2.351,
Pike Mo,2.141,0.854,2.356,
Pike Ms,2.15,0.65,2.45,
Pike Oh,2.35,0.82,2.15,
Pima Az,2.217,0.753,2.351,
Pinal Az,2.12,0.789,2.351,
Pike Pa,1.85,0.65,1.35,
Pipestone Mn,2.217,0.753,2.123,
Pine Mn,1.85,0.623,1.321,
Pinellas Fl,2.124,0.854,2.431,
Pitkin Co,1.854,0.742,1.235,
Piscataquis Me,1.234,0.753,1.876,
Pittsburg Ok,1.857,0.678,1.475,
Pitt Nc,2.127,0.657,2.141,
Pittsylvania Va,1.854,0.742,1.356,
Piute Ut,2.123,0.765,2.456,
Placer Ca,2.275,0.827,2.415,
Platte Mo,2.123,0.761,2.351,
Plaquemines La,2.123,0.621,1.987,
Platte Ne,2.15,0.75,2.32,
Platte Wy,2.351,0.761,2.127,
Pleasants Wv,2.354,0.753,2.187,
Plymouth Ia,1.85,0.72,1.23,
Plumas Ca,2.35,0.82,2.12,
Pocahontas Ia,2.35,0.72,2.141,
Plymouth Ma,1.35,0.65,1.12,
Pocahontas Wv,2.321,0.734,2.143,
Poinsett Ar,1.854,0.712,1.423,
Pointe Coupee La,2.215,0.753,2.123,
Polk Ar,2.15,0.623,1.813,
Polk Fl,2.123,0.756,2.345,
Polk Ga,2.123,0.621,1.852,
Polk Mn,2.115,0.734,1.857,
Polk Mo,1.854,0.734,1.345,
Polk Ia,1.234,0.658,1.457,
Polk Ne,2.12,0.741,2.32,
Polk Nc,1.854,0.731,1.421,
Polk Or,2.123,0.623,2.345,
Polk Wi,1.854,0.764,1.456,
Polk Tx,2.123,0.854,2.456,
Polk Tn,1.854,0.743,1.432,
Pondera Mt,2.35,0.72,2.45,
Ponce Pr,1.854,0.621,1.357,
Pontotoc Ms,1.854,0.623,1.442,
Pope Ar,2.12,0.82,2.35,
Pope Il,2.15,0.62,2.35,
Pope Mn,2.143,0.753,2.354,
Pontotoc Ok,2.123,0.753,2.457,
Poquoson Va,1.352,0.621,1.419,
Portage Oh,1.854,0.741,1.321,
Portage Wi,1.85,0.65,1.42,
Porter In,2.123,0.678,2.351,
Posey In,2.215,0.822,2.143,
Pottawatomie Ks,2.15,0.821,2.341,
Portsmouth Va,2.127,0.763,2.351,
Pottawatomie Ok,1.85,0.65,2.15,
Potter Sd,1.854,0.731,1.431,
Potter Pa,1.85,0.753,1.32,
Pottawattamie Ia,0.32,0.567,1.45,
Potter Tx,2.15,0.675,2.325,
Powder River Mt,2.117,0.756,2.454,
Powell Ky,2.124,0.823,2.441,
Poweshiek Ia,2.35,0.72,2.05,
Powhatan Va,2.12,0.621,2.351,
Powell Mt,2.142,0.823,2.275,
Prairie Ar,2.142,0.755,1.845,
Prairie Mt,2.217,0.853,1.854,
Pratt Ks,1.342,0.623,1.123,
Power Id,1.854,0.741,1.85,
Preble Oh,2.351,0.823,2.187,
Presque Isle Mi,2.12,0.741,1.85,
Presidio Tx,1.854,0.741,1.423,
Prentiss Ms,2.142,0.763,1.857,
Preston Wv,2.145,0.628,1.855,
Prince Edward Va,2.351,0.823,2.115,
Price Wi,1.351,0.743,1.123,
Prince George'S Md,2.35,0.8,2.22,
Prince Of Wales-Hyder Ak,1.42,0.621,1.253,
Prince George Va,2.127,0.821,2.351,
Prince William Va,2.123,0.742,2.512,
Providence Ri,1.85,0.65,1.3,
Prowers Co,2.15,0.62,2.38,
Pueblo Co,2.275,0.822,2.425,
Pulaski Ga,2.341,0.822,2.114,
Pulaski Il,2.15,0.627,2.421,
Pulaski Ar,2.125,0.687,2.421,
Pulaski In,2.341,0.732,1.854,
Pulaski Ky,2.15,0.623,1.813,
Pulaski Mo,2.115,0.823,2.456,
Pulaski Va,2.341,0.753,2.124,
Putnam Fl,2.35,0.65,2.12,
Pushmataha Ok,2.125,0.675,1.875,
Putnam Ga,2.145,0.812,2.321,
Putnam Il,1.823,0.657,1.342,
Putnam Mo,1.852,0.621,2.142,
Putnam In,1.854,0.623,1.345,
Putnam Ny,1.854,0.752,1.321,
Putnam Oh,2.351,0.823,2.117,
Putnam Wv,1.854,0.621,1.345,
Putnam Tn,2.35,0.82,2.13,
Quay Nm,1.85,0.82,1.32,
Queen Anne'S Md,1.854,0.621,2.142,
Quebradillas Pr,1.351,0.753,1.213,
Queens Ny,2.125,0.812,1.935,
Quitman Ms,2.123,0.621,2.452,
Rabun Ga,1.352,0.764,1.245,
Quitman Ga,2.143,0.678,2.356,
Racine Wi,1.85,0.621,1.35,
Radford Va,2.125,0.857,1.925,
Rains Tx,1.351,0.621,1.419,
Ralls Mo,2.35,0.78,2.14,
Ramsey Mn,1.854,0.761,1.432,
Raleigh Wv,1.42,0.823,1.456,
Ramsey Nd,1.234,0.678,1.456,
Randall Tx,2.123,0.753,1.895,
Randolph Al,1.854,0.632,1.275,
Randolph Ar,2.12,0.83,2.35,
Randolph Ga,2.35,0.82,2.15,
Randolph Il,1.42,0.731,1.351,
Randolph In,1.854,0.741,1.342,
Randolph Mo,2.35,0.62,2.13,
Randolph Nc,1.854,0.732,1.345,
Randolph Wv,2.35,0.83,2.15,
Ransom Nd,2.351,0.741,2.119,
Rankin Ms,2.123,0.876,2.567,
Rapides La,2.351,0.621,2.145,
Rappahannock Va,2.35,0.74,2.15,
Ravalli Mt,2.35,0.72,2.12,
Reagan Tx,2.215,0.678,2.456,
Ray Mo,1.854,0.763,2.147,
Rawlins Ks,1.234,0.678,1.123,
Real Tx,2.15,0.657,2.325,
Red Lake Mn,2.123,0.654,2.456,
Red River La,1.823,0.654,1.431,
Red River Tx,1.35,0.623,1.821,
Reeves Tx,2.141,0.822,2.354,
Red Willow Ne,2.351,0.822,2.119,
Redwood Mn,1.351,0.821,1.225,
Refugio Tx,2.217,0.764,2.153,
Reno Ks,1.345,0.678,1.221,
Rensselaer Ny,1.85,0.75,1.65,
Renville Mn,2.145,0.623,2.356,
Republic Ks,2.124,0.756,2.455,
Renville Nd,1.823,0.756,1.444,
Reynolds Mo,1.854,0.753,2.117,
Rhea Tn,1.85,0.75,1.95,
Rice Ks,1.85,0.621,2.14,
Rice Mn,2.142,0.823,1.923,
Rich Ut,2.123,0.741,2.356,
Richland La,1.85,0.62,2.12,
Richardson Ne,2.123,0.823,2.456,
Richland Il,1.234,0.678,1.123,
Richland Mt,1.85,0.729,2.12,
Richland Nd,2.123,0.753,2.457,
Richland Oh,1.425,0.812,1.219,
Richland Sc,2.275,0.842,2.145,
Richland Wi,2.35,0.65,2.11,
Richmond Nc,1.854,0.742,1.442,
Richmond Va,1.854,0.823,1.432,
Riley Ks,1.542,0.671,1.275,
Rincón Pr,2.35,0.75,2.55,
Ringgold Ia,1.85,0.65,1.42,
Richmond Ga,2.35,0.75,2.117,
Richmond Ny,2.15,0.62,2.32,
Rio Blanco Co,2.123,0.742,2.354,
Rio Arriba Nm,2.123,0.678,2.351,
Río Grande Pr,2.117,0.654,2.355,
Rio Grande Co,2.142,0.621,2.357,
Ritchie Wv,2.124,0.756,2.456,
Ripley Mo,1.354,0.763,1.234,
Ripley In,2.124,0.754,2.345,
Riverside Ca,2.15,0.8,2.35,
Roanoke Va,1.854,0.763,1.425,
Roane Wv,1.654,0.742,1.234,
Roane Tn,2.35,0.65,1.8,
Roberts Sd,2.35,0.62,2.17,
Roberts Tx,1.354,0.823,1.219,
Robertson Tn,1.351,0.742,1.245,
Robertson Tx,2.123,0.823,2.456,
Robeson Nc,2.321,0.678,2.145,
Rock Island Il,2.341,0.823,2.514,
Rock Ne,1.854,0.741,1.423,
Rock Mn,1.825,0.657,1.425,
Rock Wi,2.35,0.785,2.175,
Rockbridge Va,2.123,0.678,1.935,
Rockcastle Ky,2.35,0.75,2.15,
Robertson Ky,1.852,0.654,2.145,
Rockdale Ga,2.143,0.741,2.321,
Rockingham Nh,2.127,0.857,2.351,
Rockingham Va,2.351,0.623,2.114,
Rockland Ny,1.854,0.712,1.421,
Roger Mills Ok,1.823,0.741,1.354,
Rogers Ok,2.123,0.821,2.354,
Rolette Nd,2.215,0.652,2.105,
Rooks Ks,1.854,0.734,1.475,
Rockingham Nc,1.85,0.678,2.12,
Roosevelt Mt,1.85,0.623,1.35,
Roosevelt Nm,2.351,0.741,2.115,
Roscommon Mi,2.143,0.654,2.215,
Rockwall Tx,1.824,0.712,1.432,
Rose Island As,2.351,0.741,2.121,
Roseau Mn,1.542,0.671,1.354,
Rosebud Mt,1.85,0.62,1.42,
Rota Mp,1.342,0.657,1.231,
Ross Oh,2.123,0.678,2.451,
Routt Co,2.35,0.65,2.12,
Runnels Tx,2.35,0.65,2.115,
Rush In,2.35,0.85,2.85,
Rush Ks,2.123,0.765,2.351,
Rusk Tx,2.351,0.764,2.117,
Rusk Wi,2.321,0.763,2.147,
Rowan Nc,1.85,0.75,1.22,
Rowan Ky,2.125,0.675,1.875,
Russell Ks,2.35,0.72,3.14,
Russell Al,2.123,0.678,1.876,
Russell Ky,1.85,0.65,1.45,
Russell Va,1.352,0.623,1.189,
Rutland Vt,1.854,0.742,1.326,
Rutherford Nc,2.142,0.823,2.456,
Rutherford Tn,2.115,0.628,1.854,
Sabana Grande Pr,2.117,0.621,1.935,
Sabine La,2.351,0.621,1.983,
Sabine Tx,1.854,0.764,2.117,
Sac Ia,2.12,0.65,2.55,
Saginaw Mi,2.12,0.741,2.35,
Sacramento Ca,1.854,0.734,1.431,
Saguache Co,2.35,0.82,2.11,
Saipan Mp,1.654,0.785,1.345,
Salem Nj,2.215,0.756,2.123,
Salem Va,1.852,0.623,1.321,
Salinas Pr,2.321,0.821,2.456,
Saline Ar,1.823,0.542,2.115,
Saline Il,2.125,0.625,1.875,
Saline Ks,2.352,0.817,2.123,
Saline Mo,1.42,0.654,1.341,
Saline Ne,2.123,0.876,2.456,
Saluda Sc,1.824,0.741,1.442,
Sampson Nc,2.12,0.789,2.341,
San Augustine Tx,1.85,0.75,1.45,
San Benito Ca,2.35,0.75,2.65,
San Bernardino Ca,2.12,0.65,2.45,
Sagadahoc Me,2.12,0.621,2.351,
Salt Lake Ut,2.321,0.752,2.147,
San Francisco Ca,2.351,0.823,2.114,
San Germán Pr,2.123,0.678,2.351,
San Jacinto Tx,1.345,0.823,1.219,
San Diego Ca,2.35,0.82,2.15,
San Juan Co,2.15,0.82,2.35,
San Joaquin Ca,2.352,0.678,2.115,
San Juan Nm,2.123,0.678,2.456,
San Juan Ut,2.117,0.823,2.145,
San Juan Wa,2.35,0.75,2.15,
San Lorenzo Pr,2.351,0.741,2.125,
San Juan Pr,1.852,0.621,1.456,
San Miguel Co,2.127,0.823,2.355,
San Luis Obispo Ca,2.125,0.678,2.321,
San Mateo Ca,1.857,0.742,1.345,
San Miguel Nm,1.821,0.654,2.127,
San Patricio Tx,2.145,0.623,2.351,
San Sebastián Pr,1.85,0.63,1.35,
Sanders Mt,2.351,0.742,2.156,
Sanborn Sd,2.141,0.823,2.351,
Sandoval Nm,2.12,0.753,2.35,
Sandusky Oh,2.35,0.75,2.12,
Sangamon Il,2.35,0.75,2.1,
Sanilac Mi,2.125,0.687,2.321,
Santa Barbara Ca,1.354,0.623,1.231,
Santa Clara Ca,1.354,0.741,1.235,
Santa Cruz Az,1.854,0.734,1.273,
San Saba Tx,1.854,0.734,1.423,
Santa Cruz Ca,1.85,0.7,1.425,
Santa Fe Nm,2.351,0.753,1.987,
Santa Isabel Pr,1.854,0.627,1.342,
Santa Rosa Fl,2.15,0.675,2.425,
Sarasota Fl,1.835,0.712,1.419,
Saratoga Ny,2.351,0.823,2.123,
Sanpete Ut,1.352,0.743,1.219,
Sargent Nd,2.123,0.789,1.856,
Sarpy Ne,2.12,0.761,2.45,
Sauk Wi,2.35,0.85,2.14,
Sawyer Wi,1.854,0.671,1.343,
Schleicher Tx,2.15,0.621,2.35,
Schley Ga,1.823,0.741,1.341,
Schoharie Ny,1.35,0.65,1.23,
Schoolcraft Mi,2.143,0.823,2.475,
Schuyler Il,1.42,0.623,1.321,
Schenectady Ny,1.654,0.741,1.324,
Saunders Ne,1.857,0.678,1.321,
Schuyler Mo,1.857,0.632,1.345,
Schuylkill Pa,1.842,0.623,1.321,
Scioto Oh,2.35,0.75,2.35,
Schuyler Ny,2.15,0.65,2.12,
Scotland Mo,2.143,0.621,2.456,
Scotland Nc,2.125,0.678,2.456,
Scott Ia,2.12,0.671,2.35,
Scott Ar,1.857,0.752,2.114,
Scott In,2.352,0.756,2.115,
Scott Il,1.354,0.743,1.243,
Scott Ks,2.141,0.621,2.354,
Scott Ky,2.121,0.854,2.353,
Scott Mo,1.85,0.75,1.45,
Scott Mn,1.85,0.75,1.45,
Scott Tn,2.123,0.854,2.351,
Scott Va,2.142,0.823,2.351,
Scotts Bluff Ne,1.85,0.65,1.3,
Screven Ga,1.852,0.621,1.442,
Scurry Tx,1.854,0.823,1.321,
Sebastian Ar,2.351,0.753,2.115,
Sedgwick Co,2.117,0.853,2.454,
Sedgwick Ks,2.123,0.678,1.854,
Seminole Fl,2.142,0.853,2.355,
Scott Ms,1.854,0.823,1.421,
Seminole Ga,2.35,0.8,2.12,
Seminole Ok,2.142,0.753,2.356,
Seneca Ny,1.85,0.823,1.432,
Searcy Ar,2.143,0.755,2.325,
Seneca Oh,2.12,0.75,2.35,
Sequoyah Ok,2.351,0.763,2.123,
Sevier Ar,2.125,0.672,2.451,
Sevier Tn,2.15,0.82,2.35,
Sequatchie Tn,2.321,0.857,2.114,
Sevier Ut,2.354,0.823,2.115,
Shackelford Tx,2.35,0.73,2.12,
Seward Ne,2.123,0.654,2.456,
Shannon Mo,1.823,0.741,1.357,
Sharkey Ms,2.124,0.731,2.351,
Sharp Ar,2.117,0.823,1.854,
Shasta Ca,1.854,0.763,1.342,
Shawano Wi,2.123,0.854,2.345,
Shawnee Ks,2.123,0.756,2.451,
Sheboygan Wi,1.85,0.621,1.432,
Shelby Ia,2.145,0.623,2.275,
Shelby Il,1.82,0.741,2.35,
Shelby In,2.341,0.823,2.115,
Seward Ks,2.145,0.672,2.351,
Shelby Ky,1.854,0.632,1.321,
Shelby Mo,2.341,0.823,2.115,
Shelby Oh,2.321,0.853,2.156,
Shelby Tn,2.123,0.678,2.456,
Shelby Tx,2.145,0.823,2.275,
Shenandoah Va,2.12,0.821,2.456,
Shelby Al,2.117,0.823,2.341,
Sherburne Mn,2.12,0.75,2.45,
Sheridan Ks,2.141,0.734,2.357,
Sheridan Mt,1.854,0.732,1.456,
Sheridan Wy,1.82,0.652,1.48,
Sheridan Ne,1.35,0.78,1.55,
Sherman Ks,1.854,0.623,1.321,
Sherman Or,2.123,0.857,2.475,
Sherman Tx,2.141,0.823,2.355,
Sheridan Nd,2.12,0.753,2.45,
Shiawassee Mi,1.351,0.823,1.456,
Sibley Mn,2.35,0.73,2.12,
Sherman Ne,2.123,0.678,2.357,
Shoshone Id,1.854,0.823,1.435,
Silver Bow Mt,1.85,0.823,1.35,
Sierra Ca,1.857,0.678,1.394,
Sierra Nm,2.35,0.82,2.18,
Simpson Ky,1.857,0.753,1.324,
Simpson Ms,2.117,0.632,1.934,
Sioux Ia,1.82,0.731,2.15,
Sioux Nd,2.15,0.823,1.935,
Sioux Ne,2.125,0.623,1.875,
Sitka Ak,2.15,0.65,1.82,
Skagit Wa,2.115,0.823,2.354,
Skagway Ak,2.143,0.671,2.513,
Siskiyou Ca,2.345,0.857,2.123,
Skamania Wa,2.15,0.82,1.95,
Slope Nd,1.854,0.657,1.421,
Smith Tn,1.85,0.623,1.321,
Smith Tx,2.125,0.675,2.345,
Smyth Va,2.351,0.823,2.123,
Snohomish Wa,1.85,0.729,1.421,
Snyder Pa,2.115,0.652,2.351,
Smith Ms,2.15,0.821,2.351,
Smith Ks,1.854,0.621,1.425,
Socorro Nm,2.143,0.734,2.354,
Somerset Md,2.145,0.678,2.356,
Solano Ca,2.141,0.823,2.351,
Somerset Me,1.857,0.623,1.343,
Somerset Nj,2.321,0.751,2.114,
Somerset Pa,2.15,0.623,2.351,
Somervell Tx,1.857,0.755,1.475,
South Central Connecticut Ct,2.15,0.82,2.45,
Southampton Va,2.15,0.75,1.923,
Southeast Fairbanks Ak,2.117,0.671,2.355,
Sonoma Ca,0.833,0.729,1.217,
Spalding Ga,1.823,0.741,1.354,
Southeastern Connecticut Ct,1.42,0.753,1.351,
Spartanburg Sc,2.123,0.654,2.567,
Spencer Ky,1.352,0.623,1.215,
Spink Sd,2.123,0.678,2.475,
Spokane Wa,2.141,0.822,2.351,
Spotsylvania Va,2.12,0.857,2.35,
St. Charles La,2.12,0.752,2.43,
St. Charles Mo,1.825,0.857,1.433,
St. Clair Al,2.142,0.823,2.357,
St. Clair Il,1.854,0.621,1.433,
Spencer In,2.12,0.65,1.85,
St. Clair Mo,2.143,0.623,1.823,
St. Clair Mi,2.321,0.823,2.141,
St. Croix Vi,2.35,0.82,2.11,
St. Croix Wi,2.12,0.731,2.357,
St. Bernard La,2.124,0.857,2.351,
St. Francis Ar,2.117,0.823,2.357,
St. Francois Mo,1.352,0.623,1.419,
St. Helena La,2.125,0.657,2.451,
St. James La,1.351,0.623,1.235,
St. Johns Fl,2.215,0.734,2.351,
St. Joseph In,2.145,0.675,2.354,
St. John Vi,2.125,0.678,2.421,
St. Landry La,2.354,0.742,2.114,
St. Joseph Mi,1.35,0.82,1.55,
St. Louis Mn,1.857,0.821,1.321,
St. Lawrence Ny,2.125,0.812,2.351,
St. Louis Mo,2.125,0.675,2.35,
St. Martin La,1.351,0.823,1.216,
St. John The Baptist La,2.124,0.734,1.856,
St. Mary La,1.85,0.623,1.354,
St. Mary'S Md,2.217,0.823,2.351,
St. Thomas Vi,2.123,0.823,2.354,
St. Tammany La,2.351,0.821,2.123,
Stafford Ks,2.123,0.753,2.419,
Stafford Va,2.35,0.75,2.1,
Stanley Sd,1.351,0.734,1.225,
Stanislaus Ca,1.854,0.712,1.442,
St. Lucie Fl,2.35,0.82,2.12,
Stanly Nc,1.824,0.763,1.351,
Stark Il,1.854,0.623,1.444,
Stanton Ne,2.142,0.756,2.421,
Stark Nd,2.275,0.812,2.456,
Stark Oh,1.854,0.672,1.321,
Starke In,2.35,0.8,2.55,
Starr Tx,2.321,0.854,2.125,
Ste. Genevieve Mo,2.123,0.678,2.352,
Stearns Mn,1.854,0.823,1.432,
Staunton Va,1.852,0.621,1.423,
Steele Mn,1.85,0.75,1.4,
Stanton Ks,1.821,0.754,1.432,
Stephens Ga,2.125,0.628,2.475,
Stephens Ok,2.15,0.62,2.35,
Stephenson Il,2.321,0.853,2.155,
Sterling Tx,1.852,0.764,1.439,
Steuben In,2.341,0.657,2.125,
Steuben Ny,2.123,0.678,2.456,
Stevens Ks,2.123,0.741,2.451,
Steele Nd,1.85,0.678,1.43,
Stevens Mn,2.15,0.85,2.55,
Stevens Wa,1.35,0.75,1.2,
Stephens Tx,2.321,0.761,2.145,
Stewart Ga,2.321,0.742,2.156,
Stillwater Mt,2.35,0.65,2.15,
Stewart Tn,1.42,0.67,1.35,
Stoddard Mo,2.125,0.657,2.351,
Stokes Nc,2.12,0.752,2.35,
Stone Ar,2.215,0.823,1.955,
Stone Ms,1.854,0.753,1.321,
Stonewall Tx,1.85,0.65,1.32,
Stone Mo,2.35,0.75,2.05,
Storey Nv,2.215,0.623,2.123,
Story Ia,2.352,0.823,2.117,
Sublette Wy,2.123,0.756,2.421,
Suffolk Ma,1.85,0.75,1.32,
Suffolk Ny,1.854,0.723,1.444,
Suffolk Va,1.82,0.671,1.431,
Sullivan In,2.125,0.567,1.935,
Sullivan Mo,2.35,0.75,2.05,
Strafford Nh,1.654,0.734,1.273,
Stutsman Nd,1.854,0.734,1.444,
Sullivan Nh,2.117,0.763,1.845,
Sullivan Ny,2.117,0.734,2.351,
Sullivan Tn,1.821,0.764,1.456,
Sullivan Pa,1.854,0.763,1.354,
Summit Co,1.42,0.623,1.23,
Summers Wv,2.215,0.785,2.145,
Sully Sd,2.117,0.753,2.341,
Summit Oh,2.321,0.764,2.125,
Summit Ut,2.35,0.65,2.12,
Sumner Ks,1.854,0.734,1.341,
Sumter Al,2.142,0.753,2.115,
Sumter Fl,2.123,0.753,2.456,
Sumter Ga,2.35,0.78,2.115,
Sumter Sc,2.141,0.823,2.321,
Sunflower Ms,2.123,0.753,2.456,
Surry Nc,2.125,0.675,2.321,
Susquehanna Pa,1.351,0.623,1.219,
Sumner Tn,1.654,0.741,1.345,
Sussex De,1.35,0.75,1.45,
Sussex Nj,2.275,0.821,2.125,
Sussex Va,2.35,0.85,2.55,
Sutter Ca,2.123,0.753,2.456,
Sutton Tx,2.123,0.756,2.351,
Swain Nc,1.854,0.753,1.425,
Suwannee Fl,2.275,0.823,2.123,
Surry Va,1.354,0.734,1.321,
Swains Island As,1.351,0.624,1.456,
Sweetwater Wy,2.125,0.675,2.351,
Sweet Grass Mt,1.85,0.75,1.55,
Swift Mn,1.852,0.742,1.456,
Switzerland In,2.321,0.734,1.854,
Talbot Md,2.35,0.75,2.15,
Taliaferro Ga,1.85,0.65,1.44,
Talladega Al,2.123,0.753,2.456,
Tallahatchie Ms,1.854,0.732,1.444,
Tallapoosa Al,2.35,0.75,2.123,
Talbot Ga,2.123,0.678,2.456,
Swisher Tx,2.115,0.785,2.345,
Tama Ia,2.15,0.623,2.45,
Taney Mo,2.145,0.821,2.351,
Tangipahoa La,2.352,0.823,2.157,
Taos Nm,1.35,0.82,1.42,
Tate Ms,1.85,0.75,1.32,
Tarrant Tx,2.351,0.741,2.121,
Tattnall Ga,2.12,0.85,2.35,
Taylor Ga,2.15,0.62,2.42,
Taylor Fl,2.35,0.78,2.12,
Taylor Ia,1.351,0.623,1.243,
Taylor Tx,2.341,0.753,2.117,
Taylor Wi,1.823,0.741,1.456,
Taylor Ky,1.854,0.621,2.135,
Tazewell Il,1.85,0.632,1.45,
Tehama Ca,1.857,0.743,1.542,
Telfair Ga,2.123,0.789,1.875,
Teller Co,2.123,0.623,2.341,
Tensas La,2.123,0.657,1.895,
Taylor Wv,1.542,0.753,1.319,
Terrebonne La,2.35,0.85,2.15,
Terrell Tx,1.352,0.621,1.415,
Tazewell Va,1.354,0.672,1.245,
Terrell Ga,1.835,0.621,1.456,
Teton Id,2.141,0.671,2.351,
Terry Tx,1.854,0.731,1.345,
Teton Mt,2.12,0.74,2.35,
Teton Wy,2.35,0.75,2.55,
Texas Ok,1.821,0.857,1.453,
Texas Mo,2.35,0.85,2.12,
Thayer Ne,2.125,0.675,2.425,
Thomas Ga,2.125,0.812,2.275,
Thomas Ks,1.342,0.857,1.219,
Throckmorton Tx,1.85,0.753,1.351,
Thurston Ne,2.121,0.751,2.353,
Thomas Ne,2.123,0.678,2.421,
Thurston Wa,2.123,0.657,2.431,
Tift Ga,2.321,0.742,2.143,
Tillamook Or,2.123,0.678,2.475,
Tillman Ok,1.85,0.62,1.46,
Tioga Pa,2.123,0.789,2.456,
Tippah Ms,1.85,0.785,1.45,
Tippecanoe In,2.15,0.621,2.425,
Tipton In,3.124,0.854,3.215,
Tinian Mp,2.123,0.675,2.345,
Tipton Tn,1.354,0.823,1.231,
Tioga Ny,2.35,0.75,2.15,
Titus Tx,2.15,0.82,2.32,
Tishomingo Ms,2.321,0.761,2.145,
Toa Alta Pr,2.115,0.623,2.354,
Toa Baja Pr,1.35,0.75,1.8,
Todd Ky,2.123,0.678,2.456,
Todd Mn,2.35,0.75,2.15,
Todd Sd,2.15,0.82,1.93,
Tom Green Tx,2.15,0.85,2.35,
Tompkins Ny,2.35,0.789,2.15,
Tooele Ut,1.854,0.823,1.354,
Toole Mt,2.15,0.82,2.45,
Toombs Ga,2.35,0.621,2.15,
Torrance Nm,2.35,0.82,2.15,
Towns Ga,1.42,0.671,1.331,
Towner Nd,1.234,0.678,1.123,
Traill Nd,1.854,0.823,1.431,
Travis Tx,1.85,0.823,1.431,
Treasure Mt,2.352,0.741,2.115,
Trego Ks,2.215,0.753,2.124,
Trempealeau Wi,1.821,0.741,1.456,
Treutlen Ga,2.123,0.678,2.351,
Trigg Ky,1.654,0.857,1.321,
Trimble Ky,1.824,0.761,1.351,
Traverse Mn,1.35,0.82,1.45,
Transylvania Nc,1.854,0.823,1.456,
Trinity Ca,1.854,0.763,2.136,
Tripp Sd,1.85,0.823,1.345,
Trinity Tx,2.12,0.753,2.33,
Troup Ga,2.217,0.756,2.354,
Trujillo Alto Pr,1.351,0.753,1.235,
Trousdale Tn,2.354,0.734,2.123,
Tucker Wv,2.115,0.632,1.853,
Trumbull Oh,2.12,0.65,2.33,
Tunica Ms,2.15,0.82,2.42,
Tulare Ca,2.145,0.756,2.321,
Tulsa Ok,2.125,0.678,1.935,
Turner Ga,1.85,0.742,1.321,
Tuolumne Ca,2.15,0.65,1.8,
Tuscaloosa Al,2.15,0.8,2.42,
Tuscola Mi,2.217,0.753,2.345,
Tuscarawas Oh,1.854,0.623,2.147,
Twiggs Ga,1.854,0.823,1.433,
Tyler Tx,1.853,0.741,1.426,
Twin Falls Id,2.321,0.823,2.111,
Tyler Wv,2.35,0.85,2.15,
Tyrrell Nc,1.854,0.743,1.442,
Uintah Ut,2.341,0.623,2.115,
Uinta Wy,2.35,0.82,2.45,
Turner Sd,1.42,0.652,1.357,
Ulster Ny,2.127,0.857,1.943,
Unicoi Tn,2.35,0.821,2.13,
Union Ar,2.15,0.652,2.351,
Union Ga,1.85,0.627,1.45,
Union Ia,2.143,0.857,2.356,
Union Il,2.123,0.678,2.421,
Union In,2.123,0.623,2.341,
Union Ky,2.117,0.823,2.354,
Umatilla Or,1.857,0.763,1.432,
Union Fl,2.321,0.741,2.156,
Union Ms,2.35,0.65,2.12,
Union Nc,2.15,0.75,2.31,
Union La,2.145,0.675,2.321,
Union Nm,2.352,0.823,2.115,
Union Oh,1.823,0.652,1.427,
Union Nj,1.854,0.672,1.425,
Union Or,2.125,0.823,2.425,
Union Pa,2.125,0.812,1.987,
Union Sc,2.215,0.678,2.134,
Union Sd,2.12,0.75,1.98,
Union Tn,2.35,0.62,2.19,
Upshur Tx,2.123,0.732,1.819,
Upshur Wv,1.85,0.62,1.32,
Upton Tx,1.85,0.65,1.55,
Utuado Pr,2.35,0.65,2.15,
Uvalde Tx,2.341,0.753,2.215,
Val Verde Tx,1.234,0.756,1.123,
Upson Ga,2.125,0.657,2.342,
Valencia Nm,2.352,0.821,2.141,
Utah Ut,1.852,0.821,1.442,
Valley Mt,1.42,0.741,1.219,
Valley Ne,2.352,0.742,2.127,
Van Buren Ar,2.125,0.628,2.357,
Van Buren Ia,2.123,0.756,2.342,
Van Buren Mi,2.123,0.734,2.456,
Van Buren Tn,2.145,0.678,2.115,
Van Wert Oh,2.15,0.75,2.35,
Valley Id,1.854,0.75,1.219,
Van Zandt Tx,2.123,0.761,2.354,
Vance Nc,1.85,0.75,1.55,
Vanderburgh In,2.15,0.753,2.35,
Vega Alta Pr,1.824,0.734,1.354,
Vega Baja Pr,2.35,0.75,2.123,
Ventura Ca,2.142,0.821,2.345,
Venango Pa,2.123,0.657,2.345,
Vermilion La,1.354,0.743,1.217,
Vermillion In,2.125,0.687,2.321,
Vermilion Il,2.123,0.821,2.456,
Vernon La,1.35,0.62,1.45,
Vernon Wi,1.854,0.623,2.125,
Victoria Tx,2.117,0.823,2.454,
Vieques Pr,1.852,0.823,1.354,
Vilas Wi,2.141,0.731,2.357,
Vigo In,1.853,0.621,1.351,
Villalba Pr,2.215,0.753,2.145,
Vinton Oh,1.854,0.823,1.345,
Virginia Beach Va,2.117,0.823,2.351,
Wabash Il,2.35,0.85,2.15,
Volusia Fl,2.35,0.85,2.15,
Vernon Mo,2.117,0.823,1.925,
Wabash In,2.123,0.741,2.345,
Wabaunsee Ks,1.854,0.753,1.321,
Wadena Mn,1.352,0.623,1.428,
Wahkiakum Wa,2.12,0.731,2.35,
Wake Nc,1.823,0.857,1.444,
Wakulla Fl,2.15,0.75,2.425,
Wabasha Mn,1.854,0.734,1.351,
Waldo Me,1.854,0.823,2.151,
Walker Al,1.824,0.752,1.341,
Wagoner Ok,2.123,0.678,2.452,
Walker Tx,2.351,0.741,2.123,
Walla Walla Wa,2.217,0.657,2.125,
Walker Ga,2.15,0.65,2.425,
Wallace Ks,2.127,0.853,1.934,
Wallowa Or,1.35,0.75,1.25,
Walsh Nd,2.215,0.657,2.051,
Walthall Ms,1.854,0.632,2.141,
Walton Fl,2.321,0.821,2.115,
Waller Tx,1.854,0.734,1.326,
Walworth Sd,2.121,0.741,1.854,
Walton Ga,2.35,0.75,2.12,
Walworth Wi,1.823,0.741,1.455,
Ward Nd,2.351,0.741,2.115,
Ward Tx,1.352,0.763,1.219,
Ware Ga,2.352,0.764,2.117,
Wapello Ia,2.35,0.82,2.12,
Warren Il,1.854,0.761,1.345,
Warren Ga,2.123,0.623,2.351,
Warren In,1.823,0.621,1.453,
Warren Mo,2.15,0.75,2.35,
Warren Ms,2.125,0.678,2.421,
Warren Nc,1.85,0.62,1.35,
Warren Ia,2.15,0.62,2.35,
Warren Nj,2.275,0.785,2.125,
Warren Ny,2.12,0.671,2.351,
Warren Oh,1.42,0.621,1.31,
Warren Ky,1.35,0.678,1.215,
Warren Pa,1.85,0.65,2.12,
Warren Tn,2.141,0.732,2.235,
Warren Va,2.15,0.65,2.35,
Wasatch Ut,1.854,0.732,1.423,
Wasco Or,2.35,0.621,2.143,
Warrick In,2.125,0.657,2.456,
Washakie Wy,2.351,0.823,2.115,
Washburn Wi,1.823,0.621,2.351,
Waseca Mn,1.542,0.822,1.354,
Washington Co,2.15,0.62,2.35,
Washington Al,2.125,0.678,2.351,
Washington Fl,2.275,0.812,2.123,
Washington Ga,1.234,0.876,1.456,
Washington Ia,1.852,0.741,1.456,
Washington Id,2.35,0.65,1.95,
Washington Il,2.15,0.83,2.33,
Washington In,1.42,0.753,1.23,
Washington Ks,1.35,0.62,1.42,
Washington Ky,1.857,0.753,1.345,
Washington La,2.12,0.85,1.98,
Washington Ar,2.35,0.75,2.13,
Washington Me,1.351,0.657,1.219,
Washington Md,1.854,0.734,1.342,
Washington Mo,1.85,0.741,1.342,
Washington Mn,2.12,0.741,2.35,
Washington Nc,2.15,0.85,2.321,
Washington Ny,2.35,0.821,1.95,
Washington Ne,2.12,0.731,1.86,
Washington Oh,2.12,0.82,2.15,
Washington Ok,2.15,0.62,2.41,
Washington Or,1.85,0.65,2.12,
Washington Pa,2.35,0.8,2.15,
Washington Ri,2.127,0.741,2.351,
Washington Ms,1.42,0.623,1.351,
Washington Tx,2.125,0.657,2.425,
Washington Tn,1.85,0.85,1.35,
Washington Ut,2.123,0.761,2.351,
Washington Va,2.127,0.621,2.145,
Washington Wi,1.857,0.755,1.421,
Washita Ok,1.821,0.753,1.354,
Washoe Nv,1.85,0.627,1.354,
Washtenaw Mi,2.35,0.75,2.15,
Watauga Nc,1.823,0.654,1.442,
Watonwan Mn,2.12,0.623,2.357,
Waupaca Wi,1.842,0.821,1.442,
Waukesha Wi,2.143,0.734,2.341,
Waushara Wi,2.352,0.821,2.145,
Washington Vt,2.217,0.741,2.125,
Wayne Ga,1.854,0.743,1.442,
Wayne In,2.35,0.72,2.15,
Wayne Ky,2.341,0.823,2.456,
Wayne Mi,1.85,0.621,1.421,
Wayne Mo,1.342,0.753,1.191,
Wayne Ia,2.115,0.753,2.351,
Wayne Il,1.821,0.755,1.433,
Wayne Ms,2.124,0.756,1.843,
Wayne Nc,1.85,0.75,1.45,
Wayne Ny,2.117,0.734,1.854,
Wayne Oh,2.127,0.754,2.151,
Wayne Ne,2.115,0.785,2.325,
Wayne Tn,2.35,0.65,2.1,
Wayne Ut,2.15,0.62,2.35,
Wayne Wv,1.342,0.678,1.219,
Wayne Pa,1.854,0.734,1.442,
Waynesboro Va,2.35,0.82,2.11,
Weakley Tn,1.42,0.632,1.345,
Webb Tx,2.321,0.753,2.142,
Weber Ut,2.12,0.85,2.43,
Webster Ga,1.854,0.632,2.141,
Webster Ia,1.842,0.823,1.321,
Webster Ky,1.354,0.753,1.214,
Webster La,2.123,0.756,2.452,
Webster Mo,1.854,0.742,1.321,
Webster Ms,2.15,0.72,2.45,
Webster Wv,1.85,0.65,1.42,
Weld Co,1.352,0.743,1.185,
Wells In,1.354,0.672,1.213,
Wells Nd,2.275,0.823,2.124,
West Baton Rouge La,2.117,0.623,1.853,
West Carroll La,1.354,0.734,1.243,
Westchester Ny,2.35,0.65,2.12,
Western As,2.341,0.732,1.875,
Western Connecticut Ct,2.12,0.82,2.35,
Webster Ne,2.321,0.756,2.114,
Westmoreland Va,1.842,0.753,2.119,
Westmoreland Pa,1.824,0.732,1.441,
Weston Wy,1.853,0.623,2.115,
Wetzel Wv,2.15,0.65,2.35,
Wharton Tx,2.321,0.752,2.145,
Wexford Mi,1.654,0.763,1.342,
Whatcom Wa,1.854,0.734,1.321,
Wheeler Ga,2.117,0.753,2.245,
West Feliciana La,1.854,0.734,1.275,
Wheatland Mt,2.143,0.623,2.341,
Wheeler Or,2.127,0.853,2.151,
Wheeler Ne,2.15,0.62,2.35,
Wheeler Tx,2.123,0.678,2.456,
White Ar,2.351,0.821,3.141,
White Il,2.125,0.753,1.823,
White In,1.35,0.82,1.44,
White Pine Nv,2.125,0.712,1.925,
Whiteside Il,2.15,0.623,2.351,
Whitfield Ga,2.12,0.731,2.351,
Whitley In,2.35,0.82,2.12,
White Ga,2.321,0.857,2.123,
Whitley Ky,2.354,0.732,2.119,
Whitman Wa,1.821,0.742,1.345,
Wibaux Mt,1.42,0.654,1.185,
White Tn,1.854,0.821,1.421,
Wichita Tx,1.854,0.734,1.475,
Wichita Ks,1.35,0.823,1.42,
Wicomico Md,2.215,0.753,2.145,
Wilcox Al,2.35,0.74,2.18,
Wilcox Ga,2.275,0.652,1.925,
Wilbarger Tx,1.354,0.743,1.236,
Wilkes Ga,1.342,0.822,1.189,
Wilkes Nc,2.123,0.823,2.457,
Wilkin Mn,2.35,0.65,2.55,
Wilkinson Ga,2.35,0.75,2.12,
Will Il,2.125,0.675,2.421,
Williams Nd,1.854,0.671,1.423,
Williams Oh,2.12,0.75,2.32,
Williamsburg Sc,2.123,0.678,2.351,
Williamsburg Va,2.123,0.789,2.456,
Wilkinson Ms,2.125,0.675,1.895,
Williamson Tn,2.35,0.82,2.14,
Willacy Tx,2.143,0.755,2.215,
Williamson Il,2.35,0.75,1.85,
Wilson Ks,2.15,0.85,2.275,
Wilson Nc,2.35,0.72,2.1,
Wilson Tn,1.42,0.671,1.351,
Williamson Tx,2.121,0.761,2.354,
Wilson Tx,2.351,0.823,2.142,
Winchester Va,1.351,0.761,1.425,
Windham Vt,1.352,0.764,1.123,
Winn La,2.125,0.823,2.475,
Winkler Tx,1.85,0.65,1.31,
Windsor Vt,2.351,0.823,2.145,
Winnebago Ia,1.85,0.729,1.35,
Winnebago Wi,2.143,0.654,2.357,
Winnebago Il,1.857,0.785,1.354,
Winneshiek Ia,2.117,0.823,1.936,
Winston Al,1.854,0.712,1.475,
Winston Ms,1.85,0.623,1.321,
Wirt Wv,2.15,0.625,2.425,
Wise Tx,1.234,0.678,1.456,
Wolfe Ky,1.345,0.621,1.234,
Wood Oh,2.35,0.65,2.12,
Wood Tx,0.95,0.72,1.23,
Wood Wi,2.127,0.755,2.451,
Winona Mn,2.12,0.671,2.341,
Wood Wv,2.117,0.654,1.934,
Woodbury Ia,2.352,0.763,1.924,
Woodford Il,2.217,0.823,2.144,
Wise Va,1.854,0.734,2.141,
Woodford Ky,2.115,0.734,2.355,
Woodruff Ar,2.142,0.623,2.454,
Woods Ok,2.125,0.627,2.452,
Woodson Ks,1.85,0.785,1.42,
Woodward Ok,2.15,0.75,2.35,
Worcester Ma,2.115,0.675,2.425,
Worth Ga,1.85,0.75,1.35,
Worth Mo,2.125,0.687,2.425,
Wrangell Ak,2.35,0.85,2.15,
Wright Ia,2.123,0.753,2.456,
Wright Mn,1.854,0.742,1.356,
Wright Mo,1.854,0.763,1.432,
Worcester Md,2.351,0.753,2.115,
Wyandot Oh,2.15,0.82,2.321,
Worth Ia,2.15,0.75,2.45,
Wyoming Ny,2.142,0.658,1.854,
Wyoming Pa,2.215,0.753,2.135,
Wyandotte Ks,2.125,0.812,2.351,
Wyoming Wv,1.85,0.72,1.45,
Wythe Va,2.15,0.621,2.351,
Yakima Wa,1.854,0.732,1.442,
Yadkin Nc,2.351,0.752,2.144,
Yabucoa Pr,1.854,0.732,1.245,
Yakutat Ak,2.215,0.823,2.115,
Yamhill Or,2.125,0.812,1.925,
Yalobusha Ms,2.123,0.654,2.356,
Yancey Nc,2.15,0.65,2.55,
Yankton Sd,2.141,0.621,2.345,
Yauco Pr,1.854,0.732,1.925,
Yavapai Az,2.215,0.857,2.321,
Yell Ar,2.123,0.621,1.943,
Yellow Medicine Mn,1.85,0.621,1.35,
Yellowstone Mt,1.854,0.623,1.432,
Yoakum Tx,2.15,0.75,2.23,
Yolo Ca,2.215,0.753,1.983,
York Me,1.352,0.823,1.421,
Yates Ny,1.35,0.75,1.23,
York Ne,2.35,0.75,2.1,
Yazoo Ms,2.351,0.761,2.142,
York Pa,2.127,0.753,2.354,
York Sc,2.121,0.734,1.857,
Young Tx,2.143,0.621,2.351,
York Va,2.121,0.754,2.145,
Yuba Ca,2.351,0.822,2.145,
Yukon-Koyukuk Ak,2.352,0.621,2.142,
Yuma Co,2.341,0.756,2.119,
Zapata Tx,2.143,0.823,2.351,
Yuma Az,2.123,0.765,2.421,
Ziebach Sd,1.85,0.623,1.431,
72149,2.15,0.82,2.3,
72151,2.35,0.75,2.12,
72153,2.125,0.75,1.875,
78020,1.854,0.742,2.141,
78010,2.143,0.623,2.351,
78030,2.121,0.823,2.456,
Zavala Tx,2.35,0.82,2.17,