county,dti_ratio,loan_confidence,area_median_dti
Acadia La,2.351,0.742,1.893
Accomack Va,2.191,0.682,1.923
Abbeville Sc,2.191,0.682,1.923
Ada Id,2.191,0.842,1.923
Adair Ia,2.191,0.842,1.923
Adair Ky,1.921,0.682,2.115
Adair Mo,2.191,0.842,1.923
Adair Ok,2.191,0.842,1.923
Adams Co,2.351,0.742,1.893
Adams Id,2.351,0.742,1.927
Adams Ia,2.151,0.742,1.893
Adams Il,2.351,0.742,1.892
Adams In,2.191,0.842,1.923
Adams Ms,2.191,0.682,1.835
Adams Nd,2.191,0.842,1.923
Adams Ne,2.191,0.842,1.923
Adams Oh,2.351,0.742,1.893
Adams Pa,1.873,0.682,2.195
Adams Wa,2.191,0.842,1.937
Adams Wi,2.351,0.742,1.893
Addison Vt,2.51,0.732,1.93
Aguada Pr,2.191,0.842,1.923
Adjuntas Pr,2.191,0.682,1.853
Aguadilla Pr,2.191,0.682,1.835
Aguas Buenas Pr,2.141,0.682,1.923
Aibonito Pr,2.191,0.842,1.923
Aiken Sc,2.381,0.742,1.927
Aitkin Mn,2.351,0.742,1.928
Alachua Fl,2.191,0.842,1.923
Alamance Nc,2.351,0.742,1.893
Alameda Ca,2.531,0.842,1.921
Alamosa Co,2.191,0.682,1.835
Albany Ny,2.351,0.742,1.892
Albany Wy,2.191,0.842,1.923
Albemarle Va,2.17,0.842,1.93
Alcona Mi,2.141,0.682,1.829
Alcorn Ms,2.191,0.682,1.835
Aleutians East Ak,2.191,0.682,1.923
Alexander Il,2.151,0.682,1.923
Aleutians West Ak,2.191,0.682,1.923
Alexander Nc,2.351,0.742,1.893
Alexandria Va,2.191,0.842,1.923
Alfalfa Ok,2.191,0.842,1.923
Alger Mi,1.873,0.682,2.141
Allegan Mi,2.17,0.842,1.93
Allegany Md,2.191,0.682,1.923
Allamakee Ia,1.831,0.682,2.191
Allegany Ny,2.191,0.682,1.835
Alleghany Va,1.921,0.682,2.115
Alleghany Nc,1.921,0.682,2.517
Allen In,2.381,0.742,1.923
Allegheny Pa,2.351,0.842,1.927
Allen Ks,2.351,0.742,1.893
Allen Ky,2.151,0.742,1.893
Allen La,2.51,0.732,1.92
Allen Oh,2.191,0.842,1.923
Allendale Sc,2.191,0.682,1.923
Alpena Mi,1.921,0.682,2.117
Alpine Ca,2.191,0.842,1.923
Amador Ca,2.191,0.842,1.923
Amelia Va,2.191,0.842,1.923
Amherst Va,2.191,0.842,1.923
Amite Ms,2.151,0.682,1.923
Añasco Pr,2.191,0.682,1.923
Anchorage Ak,2.351,0.742,1.893
Anderson Ks,2.191,0.732,1.923
Anderson Sc,2.351,0.742,1.892
Anderson Ky,2.51,0.742,1.93
Anderson Tn,2.51,0.742,1.93
Anderson Tx,2.581,0.742,1.923
Andrew Mo,1.921,0.682,2.118
Andrews Tx,2.51,0.842,1.93
Angelina Tx,2.351,0.742,1.892
Androscoggin Me,2.351,0.742,1.927
Anne Arundel Md,2.17,0.842,1.93
Anoka Mn,2.531,0.842,1.917
Anson Nc,2.151,0.682,1.823
Antelope Ne,2.381,0.742,1.923
Apache Az,2.191,0.682,1.854
Antrim Mi,2.191,0.842,1.923
Appanoose Ia,2.351,0.742,1.892
Appling Ga,1.921,0.682,2.157
Appomattox Va,2.191,0.682,1.923
Aransas Tx,2.381,0.742,1.923
Arapahoe Co,2.191,0.842,1.923
Archer Tx,2.351,0.742,1.892
Archuleta Co,2.191,0.842,1.923
Arecibo Pr,2.191,0.682,1.835
Arenac Mi,1.921,0.682,2.117
Arkansas Ar,2.851,0.742,1.937
Arlington Va,2.351,0.842,1.927
Armstrong Pa,2.191,0.682,1.923
Armstrong Tx,2.191,0.682,1.923
Aroostook Me,2.141,0.682,1.927
Arroyo Pr,2.351,0.742,1.893
Arthur Ne,2.51,0.742,1.93
Ascension La,2.17,0.842,1.93
Ashe Nc,2.141,0.682,1.923
Ashland Oh,2.185,0.742,1.93
Ashland Wi,2.191,0.682,1.923
Ashley Ar,2.51,0.742,1.93
Ashtabula Oh,1.921,0.682,2.517
Asotin Wa,2.51,0.682,1.93
Assumption La,2.851,0.742,1.923
Atascosa Tx,2.511,0.742,1.938
Atchison Ks,2.351,0.742,1.827
Atchison Mo,2.51,0.742,1.93
Athens Oh,2.185,0.742,1.936
Atkinson Ga,2.191,0.682,1.923
Atlantic Nj,2.351,0.842,1.927
Atoka Ok,2.141,0.682,1.923
Attala Ms,2.191,0.682,1.923
Audrain Mo,1.814,0.682,2.351
Audubon Ia,1.317,0.842,1.492
Auglaize Oh,2.191,0.842,1.923
Augusta Va,2.351,0.742,1.893
Aurora Sd,2.191,0.842,1.923
Austin Tx,2.351,0.842,1.927
Autauga Al,2.191,0.842,1.923
Avery Nc,2.351,0.742,1.892
Avoyelles La,2.191,0.682,1.923
Baca Co,2.151,0.682,1.923
Bacon Ga,2.191,0.682,1.923
Bailey Tx,2.351,0.742,1.892
Baker Fl,2.191,0.682,1.923
Baker Ga,1.921,0.682,2.115
Baker Or,2.351,0.742,1.893
Baldwin Al,2.191,0.842,1.923
Baldwin Ga,2.191,0.842,1.923
Ballard Ky,2.191,0.682,1.835
Baltimore Md,2.351,0.742,1.893
Bamberg Sc,2.191,0.682,1.923
Bandera Tx,2.381,0.742,1.923
Banks Ga,2.381,0.742,1.927
Banner Ne,2.191,0.842,1.923
Bannock Id,2.351,0.742,1.928
Baraga Mi,2.381,0.742,1.923
Barber Ks,1.821,0.742,2.193
Barbour Al,2.191,0.682,1.923
Barbour Wv,2.191,0.682,1.923
Barnes Nd,2.51,0.742,1.93
Barceloneta Pr,2.191,0.682,1.835
Barnstable Ma,2.351,0.742,1.876
Barnwell Sc,2.351,0.742,1.928
Barranquitas Pr,2.191,0.682,1.923
Barren Ky,2.191,0.682,1.835
Barron Wi,1.927,0.842,2.151
Barrow Ga,1.93,0.682,2.11
Barry Mi,2.351,0.742,1.892
Bartholomew In,2.351,0.742,1.893
Barry Mo,2.191,0.842,1.923
Barton Ks,2.351,0.742,1.892
Bartow Ga,2.351,0.742,1.892
Barton Mo,2.191,0.682,1.835
Bastrop Tx,2.51,0.842,1.93
Bates Mo,2.191,0.682,1.923
Bath Ky,1.851,0.682,2.193
Bath Va,2.191,0.842,1.923
Baxter Ar,2.191,0.842,1.923
Bay Fl,2.191,0.842,1.923
Bay Mi,2.381,0.742,1.923
Bayamón Pr,2.191,0.682,1.923
Bayfield Wi,2.191,0.842,1.923
Baylor Tx,2.191,0.682,1.835
Beadle Sd,2.351,0.742,1.893
Bear Lake Id,2.193,0.821,1.937
Beaufort Nc,2.351,0.742,1.893
Beaufort Sc,2.531,0.842,1.923
Beauregard La,1.851,0.682,2.193
Beaver Ok,2.191,0.842,1.923
Beaver Pa,2.351,0.742,1.893
Beaver Ut,2.191,0.842,1.923
Beaverhead Mt,1.873,0.742,2.351
Becker Mn,2.351,0.742,1.927
Beckham Ok,2.191,0.682,1.835
Bedford Pa,2.351,0.742,1.892
Bedford Tn,2.351,0.742,1.892
Bedford Va,2.381,0.742,1.927
Bee Tx,2.191,0.682,1.835
Belknap Nh,1.217,0.842,1.512
Bell Ky,1.851,0.682,2.193
Bell Tx,2.351,0.742,1.892
Belmont Oh,2.351,0.742,1.927
Beltrami Mn,1.931,0.682,2.117
Ben Hill Ga,2.191,0.682,1.923
Benewah Id,2.191,0.682,1.923
Bennett Sd,2.191,0.682,1.923
Bennington Vt,2.531,0.842,1.892
Benson Nd,1.93,0.682,1.51
Bent Co,2.151,0.682,1.923
Benton Ar,2.191,0.842,1.923
Benton Ia,2.191,0.842,1.923
Benton In,2.191,0.842,1.923
Benton Mn,2.191,0.842,1.93
Benton Mo,2.351,0.742,1.893
Benton Ms,2.191,0.682,1.923
Benton Or,2.191,0.842,1.923
Benton Tn,2.151,0.682,1.923
Benton Wa,2.191,0.842,1.923
Benzie Mi,2.191,0.842,1.923
Bergen Nj,2.51,0.842,1.93
Berkeley Sc,2.191,0.842,1.923
Berkeley Wv,2.191,0.682,1.835
Berks Pa,2.351,0.742,1.892
Berkshire Ma,2.351,0.842,1.927
Bernalillo Nm,2.191,0.842,1.923
Berrien Ga,2.351,0.742,1.892
Berrien Mi,2.851,0.742,2.193
Bertie Nc,2.191,0.682,1.923
Bethel Ak,2.51,0.842,1.93
Bexar Tx,2.191,0.842,1.923
Bibb Al,2.517,0.842,1.923
Bibb Ga,2.191,0.682,1.93
Bienville La,2.151,0.682,1.923
Big Horn Mt,2.351,0.742,1.893
Big Horn Wy,1.851,0.682,2.193
Big Stone Mn,2.191,0.842,1.923
Bingham Id,2.191,0.842,1.923
Billings Nd,2.191,0.842,1.923
Black Hawk Ia,2.191,0.842,1.923
Blackford In,2.191,0.682,1.843
Bladen Nc,2.191,0.682,1.893
Blaine Id,2.351,0.742,1.893
Blaine Mt,2.191,0.842,1.923
Blaine Ne,2.17,0.842,1.93
Blaine Ok,2.191,0.842,1.923
Blair Pa,2.351,0.742,1.892
Blanco Tx,2.191,0.842,1.923
Bland Va,2.191,0.842,1.923
Bleckley Ga,1.83,0.742,2.11
Bledsoe Tn,1.851,0.682,2.193
Blount Al,2.191,0.842,1.923
Blount Tn,2.191,0.842,1.923
Blue Earth Mn,2.351,0.742,1.893
Boise Id,2.351,0.842,1.927
Bolivar Ms,2.191,0.682,1.923
Bollinger Mo,2.351,0.742,1.893
Bon Homme Sd,2.191,0.842,1.923
Bond Il,2.351,0.742,1.892
Bonner Id,2.191,0.842,1.923
Bonneville Id,1.927,0.842,2.481
Boone Ar,2.51,0.742,1.93
Boone Ia,2.351,0.742,1.892
Boone Il,2.191,0.842,1.923
Boone In,2.191,0.842,1.923
Boone Ky,2.141,0.732,1.892
Boone Mo,2.351,0.742,1.893
Boone Ne,2.191,0.842,1.923
Boone Wv,2.191,0.682,1.923
Borden Tx,2.191,0.842,1.923
Bosque Tx,2.191,0.682,1.923
Bossier La,2.381,0.742,1.921
Botetourt Va,1.876,0.742,2.351
Bottineau Nd,2.531,0.742,1.892
Boulder Co,2.17,0.842,1.93
Boundary Id,2.191,0.842,1.923
Bourbon Ks,2.351,0.742,1.927
Bourbon Ky,1.831,0.682,2.194
Bowie Tx,2.51,0.742,1.93
Bowman Nd,2.191,0.842,1.851
Box Butte Ne,2.17,0.842,1.93
Box Elder Ut,2.191,0.842,1.923
Boyd Ky,2.191,0.682,1.923
Boyd Ne,2.351,0.742,1.892
Boyle Ky,2.381,0.742,1.923
Bracken Ky,2.381,0.742,1.923
Bradford Fl,2.191,0.682,1.923
Bradford Pa,1.921,0.682,2.151
Bradley Ar,2.191,0.682,1.835
Bradley Tn,2.351,0.742,1.893
Branch Mi,2.191,0.842,1.923
Brantley Ga,2.191,0.682,1.923
Braxton Wv,1.921,0.682,2.517
Brazoria Tx,2.351,0.842,1.927
Brazos Tx,2.351,0.742,1.893
Breathitt Ky,2.151,0.682,1.823
Breckinridge Ky,2.351,0.742,1.893
Bremer Ia,2.191,0.842,1.923
Brevard Fl,2.351,0.842,1.927
Brewster Tx,2.191,0.682,1.923
Briscoe Tx,2.191,0.682,1.923
Bristol Bay Ak,2.151,0.682,1.923
Bristol Ma,2.191,0.742,1.853
Bristol Ri,2.351,0.742,1.892
Bristol Va,2.191,0.682,1.923
Broadwater Mt,2.13,0.742,1.92
Bronx Ny,2.191,0.682,2.51
Brooke Wv,2.351,0.742,1.893
Brookings Sd,1.273,0.842,1.921
Brooks Ga,2.191,0.682,1.835
Brooks Tx,1.921,0.682,2.117
Broome Ny,2.351,0.742,1.927
Broomfield Co,2.351,0.842,1.923
Broward Fl,2.851,0.742,1.923
Brown Il,2.191,0.842,1.923
Brown In,2.191,0.842,1.923
Brown Ks,2.151,0.682,1.823
Brown Mn,2.381,0.742,1.923
Brown Ne,2.191,0.842,1.923
Brown Oh,2.851,0.742,1.923
Brown Sd,1.921,0.682,2.117
Brown Tx,2.351,0.742,1.927
Brown Wi,2.351,0.742,1.892
Brule Sd,2.351,0.842,1.927
Brunswick Nc,2.181,0.742,1.923
Brunswick Va,2.851,0.742,2.193
Bryan Ga,2.351,0.742,1.893
Bryan Ok,2.191,0.842,1.923
Buchanan Ia,2.191,0.842,1.923
Buchanan Va,2.191,0.682,1.923
Buchanan Mo,2.351,0.742,1.893
Buena Vista Ia,2.191,0.842,1.923
Buckingham Va,2.191,0.842,1.923
Bucks Pa,2.351,0.742,1.892
Buffalo Ne,2.191,0.682,1.923
Buena Vista Va,2.191,0.842,1.923
Buffalo Sd,2.351,0.742,1.892
Bullitt Ky,2.141,0.682,1.923
Buffalo Wi,2.191,0.842,1.923
Bulloch Ga,2.351,0.742,1.893
Bullock Al,2.381,0.742,1.927
Buncombe Nc,2.191,0.842,1.923
Bureau Il,1.817,0.742,2.351
Burke Ga,2.351,0.842,1.927
Burke Nc,2.141,0.682,1.923
Burke Nd,2.351,0.742,1.892
Burleigh Nd,1.876,0.742,2.351
Burleson Tx,2.351,0.742,1.893
Burlington Nj,2.51,0.842,1.93
Burnet Tx,1.927,0.842,2.151
Burnett Wi,2.191,0.842,1.923
Burt Ne,2.851,0.742,1.923
Butler Al,2.141,0.682,1.927
Butler Ia,2.351,0.742,1.892
Butler Ks,2.381,0.742,1.923
Butler Ky,1.921,0.682,2.115
Butler Mo,2.151,0.682,1.923
Butler Ne,2.191,0.842,1.923
Butler Oh,2.351,0.842,1.923
Butler Pa,2.151,0.682,1.893
Butte Ca,2.531,0.842,1.942
Butte Id,2.191,0.842,1.923
Butts Ga,2.351,0.742,1.892
Butte Sd,2.191,0.842,1.923
Cabarrus Nc,2.531,0.742,1.892
Cabo Rojo Pr,2.51,0.682,1.93
Cabell Wv,1.921,0.682,2.151
Cache Ut,2.191,0.842,1.923
Caddo La,2.141,0.682,1.923
Caddo Ok,2.191,0.682,1.853
Caguas Pr,2.191,0.682,1.923
Calcasieu La,2.381,0.742,1.923
Calaveras Ca,2.51,0.742,1.93
Caldwell Ky,2.191,0.682,1.842
Caldwell La,2.481,0.742,1.923
Caldwell Mo,2.51,0.742,1.93
Caldwell Nc,2.351,0.742,1.893
Caledonia Vt,1.927,0.842,2.481
Caldwell Tx,2.51,0.742,1.93
Calhoun Al,2.191,0.682,1.923
Calhoun Fl,2.191,0.682,1.923
Calhoun Ar,2.351,0.742,1.893
Calhoun Il,2.191,0.682,1.923
Calhoun Ga,2.151,0.682,1.923
Calhoun Ia,2.191,0.842,1.923
Calhoun Ms,2.191,0.682,1.85
Calhoun Mi,2.191,0.682,1.923
Calhoun Sc,2.151,0.682,1.923
Calhoun Tx,2.351,0.742,1.892
Callahan Tx,2.351,0.742,1.893
Calhoun Wv,2.191,0.682,1.923
Callaway Mo,2.851,0.742,1.923
Calloway Ky,2.351,0.742,1.892
Calumet Wi,2.191,0.842,1.923
Calvert Md,2.51,0.842,1.93
Camas Id,2.191,0.842,1.923
Cambria Pa,2.351,0.742,1.892
Camden Ga,2.141,0.682,1.923
Camden Mo,2.191,0.682,1.93
Camden Nc,2.191,0.682,1.923
Camden Nj,2.141,0.682,1.923
Cameron La,2.141,0.682,1.923
Cameron Pa,1.851,0.682,2.193
Cameron Tx,2.351,0.742,1.893
Camp Tx,2.191,0.682,1.923
Campbell Ky,2.191,0.682,1.923
Campbell Sd,2.191,0.842,1.873
Campbell Tn,2.141,0.682,1.923
Campbell Va,2.531,0.842,1.923
Campbell Wy,2.191,0.842,1.937
Camuy Pr,2.191,0.682,1.835
Canadian Ok,2.191,0.842,1.923
Candler Ga,2.51,0.742,1.93
Cannon Tn,2.351,0.742,1.893
Canóvanas Pr,2.191,0.682,1.923
Canyon Id,2.191,0.842,1.923
Cape Girardeau Mo,2.191,0.682,1.923
Cape May Nj,2.191,0.842,1.923
Carbon Mt,2.381,0.742,1.923
Capitol Ct,2.43,0.812,1.92
Carbon Pa,2.191,0.842,1.923
Carbon Ut,2.191,0.842,1.923
Carbon Wy,2.191,0.842,1.923
Caribou Id,2.191,0.742,1.853
Carlisle Ky,2.141,0.682,1.923
Carlton Mn,2.51,0.742,1.83
Carolina Pr,2.191,0.842,1.923
Caroline Md,2.351,0.842,1.927
Caroline Va,2.351,0.742,1.892
Carroll Ar,2.51,0.742,2.17
Carroll Ia,1.817,0.742,2.351
Carroll Ga,2.381,0.742,1.93
Carroll Il,2.191,0.842,1.923
Carroll In,2.381,0.742,1.923
Carroll Ky,2.191,0.682,1.923
Carroll Md,2.17,0.842,1.93
Carroll Mo,2.191,0.842,1.923
Carroll Ms,2.51,0.742,1.93
Carroll Nh,1.217,0.842,1.512
Carroll Oh,2.15,0.732,1.92
Carroll Tn,2.381,0.742,1.927
Carroll Va,2.191,0.842,1.923
Carson City Nv,2.191,0.842,1.923
Carson Tx,2.351,0.742,1.892
Carter Ky,2.191,0.682,1.923
Carter Mo,1.921,0.682,2.117
Carter Mt,2.191,0.842,1.923
Carter Ok,2.141,0.682,1.923
Carter Tn,2.351,0.742,1.893
Carteret Nc,2.351,0.742,1.893
Carver Mn,2.351,0.842,1.927
Cascade Mt,2.351,0.742,1.982
Casey Ky,2.191,0.682,1.923
Cass Ia,2.191,0.842,1.923
Cass Il,2.351,0.742,1.892
Cass In,2.351,0.742,1.892
Cass Mi,2.151,0.742,1.893
Cass Mn,2.191,0.842,1.923
Cass Mo,2.191,0.682,1.923
Cass Nd,2.351,0.742,1.892
Cass Ne,2.191,0.842,1.923
Cass Tx,2.351,0.742,1.892
Cassia Id,2.191,0.682,1.923
Castro Tx,2.191,0.682,1.835
Caswell Nc,2.191,0.682,1.923
Catahoula La,2.141,0.682,1.923
Cataño Pr,2.191,0.682,1.835
Catawba Nc,2.351,0.742,1.893
Catoosa Ga,2.351,0.742,1.893
Catron Nm,2.191,0.682,1.923
Cattaraugus Ny,2.191,0.682,1.85
Cavalier Nd,2.351,0.742,1.927
Cayey Pr,1.921,0.682,2.117
Cayuga Ny,2.191,0.842,1.923
Cecil Md,2.351,0.742,1.892
Cedar Ia,2.191,0.842,1.923
Cedar Mo,1.831,0.682,2.191
Cedar Ne,2.191,0.842,1.923
Ceiba Pr,2.191,0.682,1.835
Centre Pa,2.351,0.742,1.892
Cerro Gordo Ia,2.351,0.742,1.892
Chaffee Co,2.191,0.842,1.923
Chambers Tx,2.351,0.742,1.893
Champaign Il,2.351,0.842,1.927
Chambers Al,2.191,0.842,1.923
Champaign Oh,2.351,0.842,1.927
Chariton Mo,2.351,0.742,1.982
Charles City Va,2.13,0.742,1.87
Charles Md,2.191,0.842,1.923
Charles Mix Sd,2.351,0.742,1.892
Charleston Sc,2.17,0.842,1.93
Charlotte Fl,2.17,0.842,1.93
Charlevoix Mi,2.191,0.842,1.923
Charlotte Va,2.191,0.842,1.923
Charlton Ga,2.51,0.742,1.83
Charlottesville Va,2.191,0.842,1.923
Chase Ks,2.381,0.742,1.923
Chatham Ga,2.351,0.742,1.892
Chase Ne,2.191,0.842,1.923
Chatham Nc,2.351,0.742,1.892
Chattahoochee Ga,2.351,0.742,1.927
Chattooga Ga,2.191,0.682,1.923
Chautauqua Ks,1.921,0.682,2.135
Chautauqua Ny,2.185,0.742,1.936
Chaves Nm,2.191,0.682,1.835
Cheatham Tn,2.191,0.842,1.923
Cheboygan Mi,1.821,0.682,2.191
Chelan Wa,2.51,0.842,1.93
Chemung Ny,2.183,0.742,1.928
Chenango Ny,2.381,0.742,1.923
Cherokee Al,1.817,0.742,2.351
Cherokee Ga,2.191,0.842,1.923
Cherokee Ia,2.351,0.742,1.892
Cherokee Ks,2.51,0.742,1.93
Cherokee Nc,2.851,0.742,1.923
Cherokee Ok,2.191,0.842,1.923
Cherokee Sc,2.351,0.742,1.893
Cherokee Tx,2.351,0.742,1.927
Cherry Ne,2.191,0.842,1.923
Chesapeake Va,2.351,0.742,1.892
Cheshire Nh,2.351,0.842,1.937
Chester Pa,2.191,0.842,1.923
Chester Sc,2.191,0.842,1.923
Chester Tn,1.875,0.682,2.215
Chesterfield Sc,2.191,0.842,1.923
Chesterfield Va,2.531,0.842,1.942
Cheyenne Co,2.191,0.842,1.923
Cheyenne Ks,1.921,0.682,2.517
Cheyenne Ne,2.191,0.842,1.873
Chickasaw Ia,2.351,0.742,1.893
Chickasaw Ms,2.141,0.682,1.923
Childress Tx,2.191,0.682,1.923
Chicot Ar,2.191,0.682,1.835
Chilton Al,2.351,0.742,1.927
Chippewa Mi,1.817,0.742,2.351
Chippewa Mn,2.351,0.742,1.892
Chippewa Wi,2.381,0.742,1.942
Chisago Mn,2.351,0.842,1.923
Chittenden Vt,2.58,0.812,1.92
Choctaw Al,1.921,0.682,2.157
Choctaw Ms,1.921,0.682,2.157
Choctaw Ok,2.151,0.682,1.823
Chouteau Mt,2.191,0.682,1.853
Chowan Nc,2.351,0.742,1.876
Christian Il,2.191,0.842,1.923
Christian Ky,2.191,0.842,1.923
Christian Mo,2.351,0.742,1.892
Chugach Ak,2.191,0.842,1.923
Churchill Nv,2.351,0.842,1.927
Ciales Pr,2.191,0.682,1.923
Cibola Nm,2.191,0.682,1.923
Cidra Pr,2.191,0.842,1.923
Cimarron Ok,2.191,0.682,1.932
Citrus Fl,2.381,0.742,1.927
Clackamas Or,2.531,0.842,1.923
Claiborne La,2.191,0.682,1.923
Claiborne Ms,2.191,0.682,1.923
Claiborne Tn,2.191,0.682,1.835
Clallam Wa,2.191,0.842,1.923
Clare Mi,2.191,0.842,1.923
Clarendon Sc,1.93,0.682,2.11
Clarion Pa,2.151,0.682,1.823
Clark Ar,2.191,0.842,1.937
Clark Id,2.191,0.842,1.923
Clark Il,2.51,0.742,1.93
Clark In,2.191,0.842,1.923
Clark Ks,2.191,0.682,1.923
Clark Ky,1.921,0.682,2.115
Clark Mo,2.191,0.682,1.842
Clark Nv,2.351,0.742,1.893
Clark Oh,2.191,0.682,1.835
Clark Sd,2.351,0.842,1.927
Clark Wa,2.191,0.842,1.923
Clark Wi,2.191,0.842,1.923
Clarke Al,2.191,0.842,1.923
Clarke Ga,2.191,0.842,1.923
Clarke Ia,2.381,0.742,1.923
Clarke Ms,2.191,0.682,1.923
Clarke Va,2.851,0.742,1.923
Clatsop Or,2.381,0.742,1.923
Clay Al,2.381,0.742,1.923
Clay Ar,2.191,0.682,1.923
Clay Fl,2.191,0.842,1.923
Clay Ga,2.351,0.742,1.892
Clay Ia,2.191,0.842,1.923
Clay Il,2.191,0.682,1.923
Clay In,2.191,0.842,1.923
Clay Ks,1.876,0.742,2.351
Clay Ky,2.191,0.682,1.835
Clay Mn,2.191,0.842,1.937
Clay Mo,2.351,0.742,1.893
Clay Ms,2.851,0.742,1.923
Clay Nc,1.851,0.682,2.193
Clay Ne,2.191,0.842,1.923
Clay Sd,2.351,0.742,1.893
Clay Tn,2.191,0.682,1.923
Clay Tx,2.191,0.682,1.835
Clay Wv,2.191,0.682,1.923
Clayton Ga,2.351,0.742,1.893
Clayton Ia,2.191,0.842,1.923
Clear Creek Co,2.17,0.842,1.93
Clearfield Pa,2.351,0.742,1.892
Clearwater Mn,2.351,0.742,1.892
Clearwater Id,2.191,0.842,1.923
Cleburne Al,2.351,0.742,1.892
Cleburne Ar,2.13,0.842,1.92
Clermont Oh,2.381,0.742,1.923
Cleveland Ar,2.191,0.682,1.923
Cleveland Nc,2.351,0.842,1.928
Cleveland Ok,2.351,0.742,1.827
Clinch Ga,2.191,0.682,1.923
Clinton Il,2.191,0.842,1.923
Clinton Ia,2.191,0.842,1.923
Clinton In,2.51,0.742,1.93
Clinton Ky,2.191,0.682,1.923
Clinton Mi,2.351,0.742,1.927
Clinton Ny,2.191,0.842,1.923
Clinton Mo,2.351,0.742,1.892
Clinton Oh,2.191,0.842,1.923
Clinton Pa,2.191,0.682,1.923
Coahoma Ms,2.191,0.682,1.923
Cloud Ks,2.191,0.842,1.923
Coal Ok,2.191,0.682,1.835
Coamo Pr,2.191,0.682,1.923
Cobb Ga,2.351,0.842,1.927
Cochise Az,2.351,0.742,1.892
Cochran Tx,1.921,0.682,2.115
Cocke Tn,2.191,0.682,1.923
Coconino Az,2.351,0.842,1.927
Codington Sd,2.191,0.842,1.923
Coffee Al,2.191,0.842,1.923
Coffee Ga,1.217,0.842,1.512
Coffee Tn,2.351,0.742,1.893
Coffey Ks,2.51,0.742,1.93
Coke Tx,2.141,0.682,1.923
Colbert Al,2.191,0.842,1.923
Cole Mo,2.191,0.842,1.923
Coleman Tx,2.191,0.842,1.923
Coles Il,2.351,0.842,1.927
Colfax Nm,2.141,0.682,1.923
Colfax Ne,2.351,0.742,1.892
Colleton Sc,2.191,0.682,1.93
Collier Fl,2.517,0.842,1.893
Collin Tx,2.17,0.842,1.93
Collingsworth Tx,2.151,0.682,1.923
Colonial Heights Va,2.191,0.842,1.923
Colorado Tx,2.351,0.842,1.927
Colquitt Ga,2.191,0.682,1.835
Columbia Ar,2.51,0.742,1.93
Columbia Fl,2.191,0.842,1.923
Columbia Ga,2.351,0.742,1.893
Columbia Ny,2.191,0.682,1.835
Columbia Or,2.191,0.842,1.923
Columbia Pa,2.191,0.842,1.923
Columbia Wa,2.191,0.842,1.923
Columbia Wi,2.191,0.842,1.923
Columbiana Oh,2.381,0.742,1.927
Colusa Ca,2.351,0.742,1.893
Columbus Nc,2.191,0.682,1.923
Comal Tx,2.351,0.742,1.893
Comanche Ks,2.351,0.742,1.827
Comanche Ok,1.851,0.682,2.193
Comanche Tx,2.151,0.682,1.823
Comerío Pr,2.191,0.682,1.923
Concho Tx,2.151,0.682,1.923
Concordia La,2.191,0.682,1.835
Conecuh Al,1.921,0.682,2.135
Conejos Co,1.421,0.682,1.917
Contra Costa Ca,2.191,0.842,1.923
Conway Ar,2.381,0.742,1.923
Converse Wy,2.351,0.742,1.892
Cook Ga,2.51,0.812,1.93
Cook Il,2.51,0.732,1.83
Cook Mn,2.351,0.742,1.893
Cooke Tx,2.351,0.742,1.893
Cooper Mo,2.191,0.842,1.923
Coos Nh,2.851,0.742,1.923
Coos Or,2.191,0.682,1.835
Coosa Al,2.191,0.682,1.923
Copiah Ms,2.191,0.682,1.923
Copper River Ak,2.191,0.682,1.923
Corozal Pr,2.141,0.682,1.923
Corson Sd,2.191,0.682,1.923
Cortland Ny,2.191,0.682,1.923
Coryell Tx,2.51,0.742,1.93
Coshocton Oh,2.141,0.682,1.923
Costilla Co,2.191,0.682,1.923
Cottle Tx,1.921,0.682,2.517
Cotton Ok,2.191,0.682,1.923
Cottonwood Mn,2.351,0.742,1.893
Covington Al,2.183,0.742,1.928
Covington Ms,2.191,0.682,1.835
Covington Va,2.381,0.742,1.927
Coweta Ga,2.13,0.742,1.87
Cowley Ks,2.151,0.742,1.823
Cowlitz Wa,2.381,0.742,1.923
Craig Ok,2.191,0.682,1.923
Craig Va,2.191,0.842,1.923
Craighead Ar,2.191,0.682,1.923
Crane Tx,2.51,0.742,1.93
Craven Nc,2.351,0.742,1.927
Crawford Ar,2.151,0.682,1.923
Crawford Ga,2.191,0.682,1.923
Crawford Ia,2.351,0.742,1.892
Crawford Il,2.351,0.742,1.892
Crawford In,2.141,0.682,1.923
Crawford Ks,2.191,0.682,1.923
Crawford Mi,2.51,0.742,1.93
Crawford Mo,2.151,0.682,1.823
Crawford Oh,2.191,0.682,1.835
Crawford Pa,2.141,0.682,1.923
Crawford Wi,1.927,0.682,2.151
Creek Ok,2.191,0.842,1.923
Crenshaw Al,2.151,0.682,1.938
Crisp Ga,2.351,0.742,1.893
Crittenden Ar,2.351,0.682,1.927
Crittenden Ky,2.151,0.682,1.923
Crockett Tn,2.191,0.682,1.923
Crockett Tx,2.151,0.682,1.923
Crook Or,2.351,0.742,1.893
Crook Wy,2.531,0.842,1.927
Crosby Tx,2.51,0.742,1.93
Cross Ar,2.191,0.842,1.923
Crow Wing Mn,2.191,0.842,1.923
Crowley Co,2.191,0.682,1.923
Culberson Tx,2.191,0.682,1.839
Culebra Pr,2.191,0.682,1.923
Cullman Al,2.381,0.742,1.923
Culpeper Va,2.351,0.842,1.927
Cumberland Il,2.51,0.742,1.93
Cumberland Ky,2.141,0.682,1.927
Cumberland Me,2.351,0.742,1.893
Cumberland Nc,2.191,0.682,1.923
Cumberland Nj,2.51,0.682,1.93
Cumberland Pa,2.351,0.742,1.893
Cumberland Tn,2.351,0.842,1.928
Cumberland Va,2.191,0.842,1.923
Cuming Ne,2.191,0.842,1.923
Currituck Nc,2.191,0.842,1.923
Curry Nm,2.191,0.682,1.923
Custer Co,2.351,0.742,1.892
Curry Or,2.191,0.842,1.923
Custer Id,2.191,0.842,1.923
Custer Ne,2.191,0.842,1.923
Custer Mt,2.351,0.742,1.927
Custer Ok,2.191,0.682,1.835
Cuyahoga Oh,2.851,0.742,2.193
Custer Sd,2.191,0.842,1.923
Dade Ga,2.191,0.842,1.923
Daggett Ut,2.13,0.742,1.92
Dade Mo,2.191,0.842,1.923
Dakota Mn,2.31,0.742,1.89
Dakota Ne,2.191,0.842,1.923
Dale Al,2.191,0.682,1.835
Dallam Tx,2.351,0.742,1.892
Dallas Al,2.31,0.742,1.89
Dallas Ar,2.51,0.742,1.93
Dallas Ia,2.191,0.842,1.923
Dallas Mo,2.351,0.742,1.893
Dallas Tx,2.351,0.842,1.923
Dane Wi,2.17,0.842,1.93
Daniels Mt,2.191,0.682,1.923
Danville Va,2.351,0.742,1.892
Dare Nc,2.191,0.842,1.923
Darke Oh,2.191,0.682,1.923
Darlington Sc,2.51,0.682,1.92
Dauphin Pa,2.351,0.742,1.893
Davidson Tn,2.517,0.842,1.923
Davidson Nc,2.351,0.742,1.892
Davie Nc,2.351,0.742,1.893
Daviess In,2.43,0.812,1.92
Daviess Ky,2.351,0.742,1.892
Daviess Mo,2.351,0.742,1.893
Davis Ia,2.351,0.742,1.892
Davis Ut,2.191,0.842,1.923
Davison Sd,2.51,0.732,1.92
Dawes Ne,2.351,0.742,1.893
Dawson Ga,2.151,0.682,1.923
Dawson Mt,2.191,0.842,1.923
Dawson Ne,2.191,0.842,1.923
Dawson Tx,2.851,0.742,1.923
Day Sd,2.191,0.842,1.923
De Baca Nm,1.921,0.682,2.117
De Soto La,2.191,0.842,1.923
De Witt Il,2.191,0.842,1.923
Deaf Smith Tx,2.191,0.682,1.923
Dearborn In,2.43,0.812,1.92
Decatur Ga,2.381,0.742,1.927
Decatur Ia,2.351,0.742,1.892
Decatur In,1.927,0.842,2.514
Decatur Tn,2.191,0.682,1.923
Decatur Ks,2.191,0.682,1.923
Deer Lodge Mt,2.191,0.682,1.835
Defiance Oh,2.351,0.742,1.927
Dekalb Al,2.351,0.742,1.893
Dekalb Ga,2.51,0.742,1.93
Dekalb Il,2.351,0.742,1.893
Dekalb In,2.381,0.742,1.927
Dekalb Mo,2.141,0.682,1.923
Dekalb Tn,1.831,0.682,2.191
Del Norte Ca,2.191,0.682,1.923
Delaware Ia,2.351,0.742,1.893
Delaware In,2.191,0.842,1.923
Delaware Ny,2.191,0.842,1.923
Delaware Oh,2.531,0.742,1.892
Delaware Ok,2.191,0.842,1.923
Delaware Pa,2.41,0.732,1.93
Delta Co,2.191,0.842,1.923
Delta Mi,2.351,0.742,1.892
Delta Tx,2.191,0.682,1.923
Denali Ak,1.851,0.682,2.193
Dent Mo,1.921,0.682,2.118
Denton Tx,2.351,0.742,1.927
Des Moines Ia,2.81,0.742,1.93
Denver Co,2.351,0.742,1.892
Deschutes Or,2.531,0.842,1.942
Desha Ar,2.191,0.682,1.923
Desoto Fl,2.351,0.742,1.893
Desoto Ms,2.381,0.742,1.927
Deuel Ne,2.351,0.742,1.893
Deuel Sd,2.351,0.742,1.892
Dewey Sd,2.191,0.682,1.923
Dewey Ok,2.191,0.842,1.923
Dewitt Tx,2.191,0.842,1.923
Dickens Tx,2.191,0.682,1.923
Dickenson Va,2.351,0.742,1.892
Dickey Nd,2.191,0.842,1.923
Dickinson Ia,1.421,0.732,1.817
Dickinson Mi,2.351,0.742,1.892
Dickinson Ks,2.191,0.842,1.923
Dickson Tn,2.191,0.842,1.923
Dillon Sc,2.191,0.682,1.923
Dillingham Ak,2.191,0.682,1.923
Dimmit Tx,2.141,0.682,1.923
Dinwiddie Va,2.381,0.742,1.923
District Of Columbia Dc,2.191,0.842,1.923
Divide Nd,2.351,0.742,1.892
Dixie Fl,2.151,0.682,1.923
Dixon Ne,2.191,0.682,1.923
Doddridge Wv,2.191,0.682,1.923
Dodge Ga,2.191,0.682,1.893
Dodge Mn,2.191,0.842,1.923
Dodge Ne,2.191,0.842,1.923
Dodge Wi,2.191,0.842,1.923
Dolores Co,2.191,0.682,1.923
Doña Ana Nm,2.151,0.682,1.893
Doniphan Ks,2.351,0.742,1.892
Donley Tx,2.191,0.682,1.923
Dooly Ga,2.141,0.682,1.923
Door Wi,2.31,0.842,1.93
Dorado Pr,2.351,0.742,1.893
Dorchester Md,2.141,0.682,1.923
Dorchester Sc,2.851,0.742,1.923
Dougherty Ga,2.191,0.682,1.923
Douglas Co,2.351,0.742,1.928
Douglas Ga,2.531,0.742,1.892
Douglas Il,2.351,0.742,1.893
Douglas Ks,2.531,0.842,1.982
Douglas Mn,2.191,0.842,1.923
Douglas Mo,2.351,0.742,1.876
Douglas Ne,2.191,0.842,1.923
Douglas Nv,2.43,0.812,1.92
Douglas Or,2.191,0.842,1.923
Douglas Sd,2.191,0.842,1.923
Douglas Wa,2.351,0.842,1.927
Douglas Wi,2.351,0.742,1.893
Drew Ar,2.51,0.742,1.93
Dubuque Ia,2.43,0.812,1.92
Dubois In,2.183,0.742,1.927
Duchesne Ut,2.191,0.842,1.923
Dukes Ma,2.351,0.742,1.892
Dundy Ne,1.921,0.682,2.157
Dunklin Mo,2.191,0.682,1.835
Dunn Nd,2.381,0.742,1.923
Dunn Wi,2.191,0.842,1.923
Dupage Il,2.17,0.842,1.93
Durham Nc,1.817,0.742,2.351
Duplin Nc,2.151,0.682,1.938
Dutchess Ny,2.191,0.842,1.923
Duval Fl,2.581,0.743,1.923
Duval Tx,2.351,0.742,1.892
Dyer Tn,2.151,0.682,1.893
Eagle Co,2.17,0.842,1.93
Early Ga,2.191,0.682,1.923
East Baton Rouge La,2.351,0.742,1.893
East Carroll La,2.191,0.682,1.923
East Feliciana La,2.191,0.682,1.923
Eastern As,2.191,0.682,1.923
Eastland Tx,1.817,0.682,2.351
Eaton Mi,2.158,0.742,1.921
Eau Claire Wi,2.351,0.842,1.927
Ector Tx,2.351,0.742,1.893
Echols Ga,2.191,0.682,1.923
Eddy Nd,2.191,0.842,1.923
Eddy Nm,2.851,0.742,2.193
Edgar Il,2.191,0.682,1.923
Edgecombe Nc,2.51,0.682,1.93
Edgefield Sc,2.191,0.682,1.93
Edmonson Ky,2.351,0.742,1.892
Edmunds Sd,2.191,0.842,1.923
Edwards Il,2.351,0.742,1.893
Edwards Ks,1.921,0.682,2.115
Edwards Tx,2.351,0.742,1.892
Effingham Ga,2.351,0.742,1.823
Effingham Il,2.191,0.842,1.923
El Dorado Ca,2.351,0.842,1.927
El Paso Co,2.191,0.682,1.923
El Paso Tx,2.191,0.682,1.923
Elbert Co,2.191,0.842,1.923
Elbert Ga,2.141,0.682,1.923
Elk Ks,2.191,0.682,1.923
Elk Pa,2.191,0.842,1.923
Elkhart In,2.43,0.812,1.92
Elko Nv,2.191,0.842,1.923
Elliott Ky,2.851,0.742,1.923
Ellis Ks,2.191,0.842,1.923
Ellis Ok,2.191,0.842,1.923
Ellis Tx,2.351,0.742,1.892
Ellsworth Ks,2.191,0.842,1.923
Elmore Al,2.351,0.742,1.927
Elmore Id,2.191,0.842,1.923
Emanuel Ga,2.351,0.742,1.892
Emery Ut,2.351,0.742,1.892
Emmet Ia,2.191,0.842,1.923
Emmet Mi,2.191,0.842,1.923
Emmons Nd,2.191,0.842,1.923
Emporia Va,2.191,0.682,1.923
Erath Tx,2.191,0.842,1.923
Erie Ny,2.351,0.742,1.893
Erie Oh,2.351,0.742,1.893
Erie Pa,2.351,0.742,1.927
Escambia Al,2.141,0.682,1.923
Escambia Fl,2.381,0.742,1.923
Esmeralda Nv,2.191,0.682,1.923
Essex Ma,2.191,0.842,1.923
Essex Nj,2.191,0.682,1.923
Essex Ny,2.381,0.742,1.923
Essex Va,2.191,0.682,1.835
Essex Vt,1.217,0.842,1.492
Estill Ky,2.191,0.682,1.835
Etowah Al,1.851,0.682,2.193
Eureka Nv,2.191,0.682,1.923
Evangeline La,2.191,0.682,1.923
Evans Ga,2.151,0.682,1.923
Fairbanks North Star Ak,2.51,0.742,1.93
Fairfax Va,2.17,0.842,1.93
Fairfield Oh,2.191,0.842,1.923
Fairfield Sc,2.191,0.842,1.923
Fajardo Pr,2.191,0.682,1.923
Fall River Sd,2.191,0.682,1.835
Fallon Mt,2.191,0.682,1.923
Falls Church Va,2.531,0.842,1.942
Falls Tx,2.191,0.842,1.923
Fannin Ga,2.351,0.742,1.893
Fannin Tx,2.351,0.742,1.893
Faribault Mn,2.351,0.742,1.892
Faulk Sd,2.191,0.842,1.923
Faulkner Ar,2.151,0.682,1.923
Fauquier Va,2.191,0.842,1.923
Fayette Al,2.191,0.842,1.923
Fayette Ga,2.351,0.742,1.892
Fayette Ia,2.351,0.742,1.893
Fayette Il,2.191,0.682,1.923
Fayette In,2.191,0.842,1.923
Fayette Ky,2.191,0.682,1.923
Fayette Oh,2.351,0.742,1.892
Fayette Pa,2.351,0.742,1.892
Fayette Tn,2.191,0.842,1.923
Fayette Tx,2.351,0.742,1.876
Fayette Wv,2.191,0.682,1.923
Fentress Tn,1.821,0.682,2.191
Fergus Mt,2.191,0.842,1.923
Ferry Wa,2.151,0.682,1.823
Fillmore Mn,2.381,0.742,1.923
Fillmore Ne,2.191,0.842,1.923
Finney Ks,2.51,0.742,1.93
Fisher Tx,2.191,0.682,1.923
Flagler Fl,2.351,0.742,1.892
Flathead Mt,2.191,0.842,1.923
Fleming Ky,2.151,0.682,1.923
Florence Sc,2.191,0.682,1.835
Florence Wi,1.217,0.842,1.482
Florida Pr,2.351,0.742,1.892
Floyd Ga,2.351,0.742,1.893
Floyd Ia,2.191,0.842,1.923
Floyd Ky,2.51,0.682,1.93
Floyd In,1.921,0.682,2.117
Floyd Tx,2.191,0.682,1.923
Floyd Va,2.351,0.742,1.893
Fluvanna Va,2.351,0.742,1.927
Foard Tx,1.921,0.682,2.115
Fond Du Lac Wi,1.83,0.742,2.11
Ford Il,2.351,0.742,1.892
Ford Ks,2.191,0.842,1.923
Forest Pa,1.921,0.682,2.117
Forest Wi,2.191,0.842,1.923
Forrest Ms,2.191,0.682,1.835
Forsyth Ga,2.351,0.842,1.927
Forsyth Nc,2.351,0.742,1.893
Fort Bend Tx,2.351,0.842,1.927
Foster Nd,2.141,0.682,1.923
Fountain In,2.191,0.842,1.923
Franklin Al,2.351,0.742,1.893
Franklin Ar,2.191,0.842,1.923
Franklin Fl,2.191,0.842,1.923
Franklin Ga,2.351,0.742,1.892
Franklin Id,2.191,0.842,1.938
Franklin Ia,2.351,0.742,1.892
Franklin Il,2.191,0.842,1.923
Franklin Ks,2.351,0.742,1.892
Franklin In,2.191,0.842,1.923
Franklin Ky,2.11,0.742,1.93
Franklin La,2.351,0.742,1.892
Franklin Ma,2.191,0.842,1.923
Franklin Me,2.351,0.742,1.982
Franklin Ms,2.351,0.742,1.893
Franklin Mo,2.191,0.842,1.923
Franklin Nc,2.51,0.742,1.93
Franklin Ne,2.351,0.742,1.893
Franklin Oh,2.51,0.742,1.93
Franklin Ny,2.191,0.842,1.923
Franklin Pa,2.851,0.742,1.923
Franklin Tn,2.351,0.742,1.927
Franklin Tx,2.191,0.842,1.923
Franklin Va,2.191,0.842,1.923
Franklin Vt,2.191,0.842,1.93
Franklin Wa,2.351,0.842,1.927
Fredericksburg Va,1.421,0.812,1.189
Frederick Va,2.351,0.842,1.937
Frederick Md,2.191,0.842,1.923
Freeborn Mn,2.351,0.742,1.892
Freestone Tx,1.921,0.682,2.117
Fremont Co,2.191,0.842,1.923
Fremont Ia,2.351,0.742,1.927
Fremont Id,2.191,0.842,1.923
Fremont Wy,2.43,0.812,1.91
Fresno Ca,2.351,0.742,1.892
Frio Tx,2.151,0.682,1.927
Frontier Ne,2.191,0.682,1.923
Fulton Il,2.351,0.742,1.892
Fulton Ar,2.191,0.842,1.923
Fulton Ga,2.351,0.742,1.875
Fulton In,2.191,0.842,1.923
Fulton Ky,2.151,0.682,1.923
Fulton Ny,2.851,0.742,1.923
Fulton Oh,2.351,0.742,1.892
Furnas Ne,2.351,0.742,1.892
Fulton Pa,2.191,0.682,1.835
Gadsden Fl,2.191,0.682,1.923
Gage Ne,2.191,0.842,1.923
Gaines Tx,2.351,0.742,1.892
Galax Va,2.191,0.682,1.923
Gallatin Il,2.351,0.742,1.893
Gallatin Ky,2.191,0.842,1.923
Gallia Oh,1.921,0.682,2.157
Gallatin Mt,2.191,0.842,1.923
Galveston Tx,2.351,0.742,1.893
Garfield Co,2.351,0.742,1.893
Garfield Mt,2.351,0.742,1.892
Garfield Ne,2.81,0.742,2.19
Garfield Ok,2.191,0.842,1.923
Garden Ne,2.351,0.742,1.892
Garfield Ut,2.191,0.842,1.873
Garfield Wa,2.191,0.842,1.923
Garland Ar,2.191,0.842,1.923
Garrett Md,2.15,0.742,1.93
Garrard Ky,1.921,0.682,2.117
Garvin Ok,2.191,0.682,1.923
Gasconade Mo,2.191,0.842,1.923
Garza Tx,2.191,0.821,1.942
Gaston Nc,2.351,0.742,1.892
Geary Ks,2.351,0.742,1.892
Gates Nc,2.191,0.682,1.923
Geauga Oh,2.517,0.842,1.938
Gem Id,2.191,0.842,1.923
Genesee Mi,2.351,0.742,1.892
Genesee Ny,1.875,0.682,2.351
Geneva Al,2.191,0.682,1.835
Gentry Mo,2.191,0.682,1.923
George Ms,2.51,0.742,1.93
Georgetown Sc,2.191,0.842,1.923
Gibson In,2.191,0.732,1.851
Gibson Tn,2.351,0.742,1.893
Gila Az,2.191,0.682,1.923
Gilchrist Fl,2.151,0.682,1.923
Giles Tn,2.191,0.682,1.923
Giles Va,2.191,0.842,1.923
Gilliam Or,2.141,0.682,1.923
Gillespie Tx,2.191,0.842,1.923
Gilmer Ga,2.51,0.742,1.93
Gilmer Wv,1.821,0.682,2.491
Gilpin Co,2.191,0.842,1.923
Glacier Mt,2.191,0.842,1.923
Glades Fl,2.191,0.682,1.923
Gladwin Mi,2.381,0.742,1.923
Glascock Ga,2.191,0.682,1.923
Glasscock Tx,2.351,0.842,1.921
Glenn Ca,2.351,0.742,1.892
Gloucester Nj,2.191,0.842,1.923
Gloucester Va,2.351,0.742,1.893
Glynn Ga,2.351,0.742,1.892
Golden Valley Mt,2.43,0.812,1.91
Gogebic Mi,2.51,0.682,1.93
Golden Valley Nd,2.191,0.842,1.923
Goliad Tx,2.141,0.682,1.923
Gonzales Tx,2.81,0.742,1.93
Goochland Va,2.191,0.842,1.873
Goodhue Mn,2.191,0.842,1.923
Gooding Id,2.351,0.742,1.892
Gordon Ga,2.351,0.842,1.927
Goshen Wy,2.191,0.842,1.923
Gosper Ne,2.191,0.682,1.923
Gove Ks,2.351,0.742,1.893
Grady Ga,2.191,0.842,1.923
Grady Ok,2.191,0.842,1.923
Grafton Nh,2.351,0.742,1.892
Graham Az,2.51,0.742,1.93
Graham Ks,2.351,0.742,1.892
Graham Nc,2.851,0.742,2.193
Grainger Tn,2.191,0.682,1.923
Grand Co,2.191,0.842,1.923
Grand Forks Nd,2.151,0.682,1.923
Grand Isle Vt,1.217,0.842,1.512
Grand Traverse Mi,1.217,0.842,1.503
Grand Ut,2.51,0.742,1.93
Granite Mt,2.191,0.842,1.923
Grant Ar,2.191,0.842,1.923
Grant In,2.191,0.842,1.923
Grant Ks,2.351,0.742,1.892
Grant Ky,2.191,0.682,1.842
Grant La,2.191,0.842,1.923
Grant Mn,2.191,0.682,1.923
Grant Nd,2.191,0.682,1.923
Grant Ne,2.191,0.842,1.923
Grant Nm,2.191,0.682,1.835
Grant Ok,2.191,0.842,1.923
Grant Or,2.191,0.842,1.923
Grant Sd,2.191,0.842,1.923
Grant Wa,2.191,0.842,1.923
Grant Wi,2.191,0.842,1.923
Grant Wv,1.875,0.682,2.351
Granville Nc,2.351,0.742,1.893
Gratiot Mi,2.351,0.742,1.893
Graves Ky,2.191,0.682,1.835
Gray Ks,1.921,0.682,2.115
Gray Tx,2.351,0.742,1.892
Grays Harbor Wa,2.191,0.682,1.923
Grayson Tx,2.351,0.742,1.893
Grayson Ky,2.351,0.742,1.893
Grayson Va,2.51,0.732,1.92
Greeley Ks,1.851,0.742,2.193
Greater Bridgeport Ct,2.517,0.842,1.893
Greeley Ne,2.191,0.842,1.923
Green Lake Wi,1.817,0.742,1.392
Green Ky,1.921,0.682,2.115
Green Wi,2.191,0.842,1.923
Greene Al,2.191,0.842,1.923
Greenbrier Wv,2.191,0.682,1.923
Greene Ar,2.851,0.742,1.923
Greene Ga,2.191,0.682,1.923
Greene Ia,2.191,0.842,1.923
Greene Il,1.931,0.682,2.117
Greene In,2.191,0.842,1.923
Greene Mo,2.351,0.742,1.892
Greene Ms,2.351,0.742,1.892
Greene Nc,2.351,0.742,1.893
Greene Ny,2.191,0.842,1.923
Greene Oh,2.351,0.742,1.982
Greene Tn,2.851,0.742,2.193
Greene Pa,2.351,0.742,1.892
Greene Va,2.351,0.742,1.892
Greenlee Az,2.191,0.682,1.923
Greensville Va,2.191,0.682,1.923
Greenup Ky,2.351,0.742,1.893
Greenville Sc,2.191,0.842,1.923
Greenwood Ks,2.351,0.742,1.893
Greenwood Sc,2.351,0.742,1.893
Greer Ok,2.191,0.842,1.923
Gregg Tx,2.191,0.682,1.835
Gregory Sd,2.351,0.742,1.893
Grenada Ms,2.191,0.682,1.893
Griggs Nd,1.817,0.742,2.351
Grimes Tx,2.43,0.812,1.93
Grundy Il,2.191,0.842,1.923
Grundy Ia,2.141,0.732,1.923
Grundy Mo,2.151,0.682,1.923
Grundy Tn,2.351,0.742,1.893
Guadalupe Nm,2.191,0.682,1.923
Guadalupe Tx,2.191,0.842,1.923
Guánica Pr,2.191,0.682,1.923
Guam Gu,2.191,0.682,1.923
Guayama Pr,2.351,0.742,1.893
Guaynabo Pr,2.191,0.842,1.923
Guayanilla Pr,2.191,0.682,1.923
Guernsey Oh,2.191,0.842,1.923
Guilford Nc,2.351,0.842,1.927
Gulf Fl,2.191,0.842,1.923
Gunnison Co,2.191,0.842,1.923
Gurabo Pr,2.191,0.842,1.923
Guthrie Ia,2.191,0.842,1.923
Gwinnett Ga,2.531,0.842,1.917
Haakon Sd,1.877,0.742,2.193
Habersham Ga,2.351,0.742,1.893
Haines Ak,2.191,0.842,1.923
Hale Al,1.921,0.682,2.115
Hale Tx,2.351,0.742,1.892
Halifax Nc,2.191,0.682,1.923
Halifax Va,2.191,0.682,1.923
Hall Ga,1.817,0.742,2.351
Hall Ne,2.191,0.842,1.923
Hall Tx,2.191,0.842,1.923
Hamblen Tn,2.351,0.742,1.892
Hamilton Fl,2.191,0.842,1.923
Hamilton Ia,2.191,0.842,1.923
Hamilton Il,1.921,0.682,2.117
Hamilton In,2.17,0.842,1.93
Hamilton Ks,2.183,0.742,1.927
Hamilton Ne,2.191,0.842,1.937
Hamilton Ny,2.191,0.842,1.923
Hamilton Tn,2.351,0.682,1.927
Hamilton Oh,2.191,0.842,1.923
Hamilton Tx,2.13,0.742,1.92
Hampden Ma,2.351,0.742,1.893
Hamlin Sd,2.191,0.842,1.923
Hampshire Ma,2.191,0.842,1.923
Hampshire Wv,1.921,0.682,2.157
Hampton Sc,2.191,0.842,1.923
Hampton Va,2.351,0.742,1.893
Hancock Ga,2.151,0.682,1.923
Hancock Ia,2.381,0.742,1.923
Hancock Il,1.851,0.682,2.193
Hancock In,2.351,0.842,1.928
Hancock Ky,2.191,0.682,1.923
Hancock Me,2.151,0.742,1.893
Hancock Ms,2.351,0.742,1.893
Hancock Oh,2.191,0.842,1.923
Hancock Tn,1.851,0.682,2.193
Hancock Wv,2.351,0.742,1.893
Hand Sd,1.873,0.682,2.191
Hanover Va,2.191,0.842,1.923
Hansford Tx,2.13,0.742,1.98
Hanson Sd,1.473,0.842,1.921
Haralson Ga,2.581,0.742,1.923
Hardee Fl,2.51,0.682,1.93
Hardeman Tn,2.191,0.682,1.923
Hardeman Tx,2.191,0.682,1.923
Hardin Ia,1.817,0.742,2.351
Hardin Il,1.851,0.682,2.193
Hardin Ky,2.351,0.742,1.892
Hardin Oh,2.191,0.682,1.923
Hardin Tn,1.921,0.682,2.117
Hardin Tx,2.351,0.742,1.892
Harding Nm,2.191,0.682,1.923
Harding Sd,2.191,0.682,1.923
Hardy Wv,1.921,0.682,2.115
Harford Md,2.351,0.842,1.923
Harlan Ky,2.51,0.682,1.93
Harlan Ne,1.921,0.682,2.117
Harmon Ok,1.921,0.682,2.117
Harnett Nc,2.351,0.742,1.892
Harney Or,2.351,0.742,1.893
Harper Ks,2.351,0.842,1.927
Harper Ok,1.921,0.682,2.117
Harris Ga,2.381,0.742,1.923
Harris Tx,2.51,0.842,1.93
Harrison Ia,2.381,0.742,1.923
Harrison In,2.181,0.742,1.923
Harrison Ky,2.191,0.682,1.923
Harrison Mo,2.191,0.682,1.823
Harrison Ms,2.51,0.682,1.93
Harrison Oh,1.931,0.682,2.117
Harrison Tx,2.191,0.842,1.923
Harrison Wv,2.191,0.682,1.923
Harrisonburg Va,2.17,0.842,1.93
Hart Ga,2.191,0.842,1.923
Hart Ky,2.381,0.742,1.923
Hartley Tx,2.381,0.742,1.927
Harvey Ks,1.831,0.682,2.194
Haskell Ks,2.351,0.742,1.892
Haskell Ok,2.191,0.682,1.835
Haskell Tx,2.191,0.682,1.923
Hatillo Pr,2.51,0.742,1.93
Hawaii Hi,2.351,0.842,1.927
Hawkins Tn,1.921,0.682,2.117
Hayes Ne,2.51,0.742,1.93
Hays Tx,2.191,0.842,1.923
Haywood Nc,2.351,0.742,1.893
Haywood Tn,1.87,0.742,2.11
Heard Ga,1.931,0.682,2.117
Hemphill Tx,2.351,0.742,1.893
Hempstead Ar,2.351,0.742,1.892
Henderson Il,2.191,0.682,1.923
Henderson Ky,2.381,0.742,1.893
Henderson Nc,2.581,0.742,1.923
Henderson Tn,1.817,0.742,2.351
Henderson Tx,2.191,0.842,1.923
Hendricks In,2.191,0.842,1.923
Hendry Fl,2.191,0.682,1.835
Hennepin Mn,2.351,0.742,1.892
Henrico Va,1.83,0.742,2.11
Henry Al,2.191,0.842,1.923
Henry Ga,2.151,0.742,1.893
Henry Ia,2.381,0.742,1.923
Henry Il,2.191,0.842,1.923
Henry In,1.873,0.742,2.351
Henry Ky,2.191,0.842,1.923
Henry Mo,2.351,0.842,1.927
Henry Oh,2.351,0.742,1.892
Henry Tn,2.351,0.742,1.927
Henry Va,2.351,0.742,1.892
Hernando Fl,2.351,0.742,1.893
Herkimer Ny,1.873,0.682,2.115
Hertford Nc,2.151,0.682,1.923
Hettinger Nd,2.191,0.842,1.923
Hickman Ky,2.191,0.682,1.923
Hickman Tn,2.191,0.682,1.923
Hickory Mo,2.191,0.842,1.923
Hidalgo Nm,2.191,0.682,1.923
Hidalgo Tx,2.191,0.682,1.923
Highland Va,2.151,0.742,1.938
Highland Oh,2.351,0.742,1.927
Highlands Fl,2.351,0.742,1.893
Hill Mt,2.191,0.842,1.923
Hill Tx,2.191,0.732,1.853
Hillsborough Fl,2.191,0.842,1.923
Hillsborough Nh,2.351,0.742,1.892
Hillsdale Mi,1.875,0.682,2.351
Hinds Ms,2.191,0.682,1.923
Hitchcock Ne,2.381,0.742,1.923
Hinsdale Co,2.191,0.842,1.923
Hocking Oh,2.351,0.742,1.893
Hodgeman Ks,2.191,0.682,1.853
Hockley Tx,2.151,0.742,1.823
Hoke Nc,2.351,0.742,1.927
Holmes Fl,2.191,0.682,1.923
Holmes Ms,2.191,0.682,1.923
Holmes Oh,1.921,0.682,2.117
Holt Mo,2.191,0.682,1.923
Holt Ne,2.351,0.742,1.892
Honolulu Hi,2.17,0.842,1.93
Hood River Or,2.191,0.842,1.923
Hood Tx,2.191,0.842,1.923
Hooker Ne,2.381,0.742,1.927
Hoonah-Angoon Ak,2.191,0.682,1.851
Hopewell Va,2.351,0.742,1.927
Hopkins Ky,2.351,0.742,1.892
Hopkins Tx,2.191,0.682,1.923
Hormigueros Pr,2.191,0.682,1.835
Horry Sc,2.191,0.842,1.923
Hot Springs Wy,2.191,0.842,1.923
Hot Spring Ar,2.851,0.742,2.193
Houghton Mi,1.817,0.742,2.351
Houston Al,2.191,0.842,1.923
Houston Ga,2.191,0.842,1.923
Houston Mn,2.191,0.842,1.923
Houston Tx,2.531,0.842,1.982
Houston Tn,2.191,0.842,1.923
Howard Ar,2.191,0.842,1.923
Howard In,2.191,0.842,1.923
Howard Ia,2.191,0.842,1.923
Howard Md,1.217,0.842,1.512
Howard Ne,2.191,0.842,1.923
Howard Mo,2.351,0.742,1.892
Howell Mo,2.51,0.742,1.93
Hubbard Mn,2.191,0.842,1.923
Howard Tx,2.351,0.742,1.892
Hudson Nj,2.351,0.742,1.893
Hudspeth Tx,2.14,0.682,1.93
Huerfano Co,2.141,0.682,1.923
Hughes Ok,2.191,0.682,1.923
Hughes Sd,2.191,0.842,1.923
Humacao Pr,2.191,0.682,1.923
Humboldt Ca,2.191,0.842,1.923
Humboldt Nv,2.191,0.682,1.923
Humboldt Ia,1.851,0.682,2.193
Humphreys Ms,2.141,0.682,1.923
Humphreys Tn,2.851,0.742,1.923
Hunt Tx,2.351,0.742,1.892
Hunterdon Nj,1.217,0.842,1.512
Huntington In,2.351,0.742,1.893
Huntingdon Pa,2.191,0.682,1.842
Huron Mi,2.351,0.742,1.892
Huron Oh,2.351,0.742,1.892
Hutchinson Sd,2.381,0.742,1.923
Hutchinson Tx,2.51,0.742,1.83
Hyde Sd,1.921,0.682,2.117
Hyde Nc,1.873,0.682,2.191
Iberia La,2.191,0.682,1.835
Iberville La,2.191,0.682,1.932
Ida Ia,2.31,0.742,1.89
Idaho Id,2.191,0.842,1.923
Imperial Ca,2.191,0.682,1.923
Independence Ar,2.351,0.742,1.892
Indian River Fl,2.851,0.742,1.923
Indiana Pa,2.151,0.682,1.893
Ingham Mi,2.51,0.732,1.92
Inyo Ca,2.191,0.682,1.835
Iosco Mi,2.351,0.742,1.892
Ionia Mi,2.191,0.842,1.923
Iowa Ia,2.191,0.842,1.923
Iredell Nc,2.51,0.842,1.93
Iowa Wi,2.191,0.842,1.923
Irion Tx,2.351,0.742,1.893
Iron Mo,2.191,0.682,1.923
Iron Mi,2.191,0.842,1.923
Iron Ut,2.191,0.682,1.835
Iron Wi,2.191,0.842,1.923
Iroquois Il,2.351,0.742,1.892
Irwin Ga,2.191,0.682,1.923
Isabela Pr,2.191,0.682,1.923
Isabella Mi,2.191,0.842,1.923
Isanti Mn,1.273,0.842,1.817
Island Wa,2.191,0.842,1.923
Isle Of Wight Va,1.217,0.842,1.503
Issaquena Ms,2.19,0.421,1.92
Itasca Mn,1.821,0.742,2.193
Itawamba Ms,1.821,0.682,2.191
Izard Ar,2.191,0.682,1.923
Jack Tx,2.151,0.682,1.892
Jackson Al,2.141,0.682,1.923
Jackson Ar,2.51,0.742,1.93
Jackson Co,2.15,0.732,1.92
Jackson Fl,2.183,0.742,1.951
Jackson Ga,2.191,0.682,1.923
Jackson Ia,2.351,0.742,1.893
Jackson In,2.351,0.742,1.893
Jackson Il,2.141,0.682,1.923
Jackson Ks,2.191,0.842,1.923
Jackson La,2.191,0.682,1.854
Jackson Ky,2.191,0.682,1.923
Jackson Mi,2.51,0.742,1.93
Jackson Mo,2.191,0.682,1.843
Jackson Mn,2.191,0.842,1.923
Jackson Ms,2.51,0.682,1.93
Jackson Nc,2.51,0.742,1.93
Jackson Oh,2.351,0.742,1.893
Jackson Ok,2.191,0.682,1.923
Jackson Or,2.191,0.842,1.923
Jackson Sd,2.381,0.742,1.923
Jackson Tn,2.351,0.742,1.892
Jackson Tx,2.351,0.742,1.827
Jackson Wi,1.817,0.742,2.351
Jackson Wv,2.581,0.742,1.923
James City Va,2.351,0.842,1.927
Jasper Ga,1.921,0.682,2.115
Jasper Ia,1.217,0.842,1.512
Jasper Il,2.351,0.842,1.927
Jasper In,2.581,0.742,1.923
Jasper Mo,2.351,0.742,1.892
Jasper Ms,2.191,0.682,1.923
Jasper Sc,2.191,0.842,1.923
Jasper Tx,2.191,0.842,1.923
Jay In,2.191,0.842,1.923
Jayuya Pr,2.191,0.682,1.835
Jeff Davis Ga,2.351,0.742,1.893
Jeff Davis Tx,2.351,0.742,1.892
Jefferson Al,2.351,0.742,1.893
Jefferson Ar,2.51,0.742,1.83
Jefferson Co,2.191,0.842,1.927
Jefferson Davis Ms,2.191,0.682,1.923
Jefferson Davis La,2.191,0.682,1.923
Jefferson Fl,2.351,0.742,1.893
Jefferson Ga,2.51,0.742,1.93
Jefferson Ia,2.191,0.842,1.923
Jefferson Id,2.191,0.842,1.923
Jefferson Il,1.921,0.682,2.117
Jefferson In,2.351,0.742,1.928
Jefferson Ks,2.151,0.742,1.893
Jefferson Ky,2.151,0.742,1.923
Jefferson La,2.351,0.742,1.892
Jefferson Mo,2.351,0.742,1.893
Jefferson Ms,2.191,0.682,1.835
Jefferson Mt,2.351,0.742,1.892
Jefferson Ne,2.531,0.742,1.892
Jefferson Oh,2.141,0.682,1.923
Jefferson Ny,2.191,0.682,1.854
Jefferson Ok,2.351,0.742,1.892
Jefferson Pa,2.351,0.742,1.927
Jefferson Tn,2.351,0.742,1.892
Jefferson Or,2.351,0.842,1.927
Jefferson Tx,2.381,0.742,1.923
Jefferson Wi,2.191,0.842,1.923
Jefferson Wa,2.851,0.742,1.923
Jefferson Wv,2.351,0.742,1.892
Jennings In,2.191,0.682,1.853
Jenkins Ga,1.921,0.682,2.117
Jerauld Sd,2.351,0.742,1.892
Jersey Il,2.381,0.742,1.923
Jerome Id,2.191,0.842,1.93
Jessamine Ky,2.191,0.842,1.923
Jewell Ks,2.351,0.742,1.927
Jim Hogg Tx,2.191,0.682,1.923
Jim Wells Tx,2.191,0.682,1.923
Jo Daviess Il,1.817,0.742,2.351
Johnson Ar,2.581,0.742,1.923
Johnson Ga,2.581,0.742,1.923
Johnson Ia,1.83,0.742,2.11
Johnson Il,2.191,0.842,1.923
Johnson In,2.191,0.842,1.923
Johnson Ks,2.53,0.817,1.92
Johnson Ky,2.191,0.682,1.923
Johnson Mo,2.351,0.742,1.893
Johnson Ne,2.191,0.682,1.835
Johnson Tn,2.351,0.742,1.893
Johnson Tx,2.351,0.742,1.892
Johnson Wy,2.351,0.742,1.892
Johnston Nc,2.51,0.742,1.93
Johnston Ok,2.81,0.742,2.29
Jones Ga,2.381,0.742,1.927
Jones Ia,2.191,0.842,1.923
Jones Nc,2.81,0.742,1.93
Jones Ms,2.351,0.742,1.893
Jones Sd,2.191,0.842,1.923
Jones Tx,2.351,0.742,1.892
Josephine Or,2.351,0.742,1.927
Juab Ut,1.217,0.842,1.491
Juana Díaz Pr,2.191,0.682,1.923
Judith Basin Mt,1.921,0.682,2.118
Juncos Pr,2.191,0.682,1.923
Juneau Ak,2.191,0.842,1.923
Juneau Wi,2.191,0.842,1.923
Juniata Pa,2.191,0.682,1.923
Kalamazoo Mi,1.421,0.682,1.817
Kalawao Hi,2.351,0.842,1.927
Kalkaska Mi,2.191,0.682,1.823
Kanabec Mn,2.351,0.742,1.892
Kanawha Wv,1.873,0.682,2.151
Kandiyohi Mn,2.351,0.842,1.927
Kane Il,2.191,0.842,1.923
Kane Ut,2.191,0.842,1.923
Kankakee Il,2.51,0.682,1.93
Karnes Tx,2.351,0.742,1.892
Kauai Hi,2.351,0.742,1.892
Kay Ok,2.191,0.842,1.923
Kaufman Tx,2.351,0.742,1.893
Kearney Ne,2.191,0.842,1.923
Kearny Ks,1.921,0.682,2.115
Keith Ne,2.191,0.842,1.923
Kemper Ms,2.191,0.682,1.923
Kenai Peninsula Ak,2.191,0.842,1.923
Kendall Il,2.351,0.742,1.893
Kendall Tx,2.51,0.732,1.92
Kenedy Tx,2.191,0.842,1.923
Kenosha Wi,1.83,0.742,2.11
Kennebec Me,2.351,0.742,1.893
Kent De,2.351,0.742,1.893
Kent Md,1.854,0.732,2.191
Kent Mi,2.351,0.742,1.892
Kent Ri,2.51,0.742,1.93
Kenton Ky,2.191,0.682,1.923
Kent Tx,2.191,0.682,1.835
Keokuk Ia,2.191,0.682,1.923
Kern Ca,2.351,0.742,1.893
Kerr Tx,2.181,0.742,1.923
Kershaw Sc,2.81,0.742,1.93
Ketchikan Gateway Ak,2.191,0.682,1.923
Kewaunee Wi,2.191,0.842,1.923
Keweenaw Mi,2.191,0.682,1.923
Kidder Nd,2.151,0.742,1.938
Keya Paha Ne,2.191,0.842,1.923
Kimball Ne,2.351,0.742,1.892
Kimble Tx,2.51,0.842,1.93
King And Queen Va,2.191,0.842,1.923
King George Va,2.191,0.842,1.923
King Tx,2.191,0.682,1.923
King Wa,2.191,0.842,1.923
King William Va,2.191,0.842,1.923
Kingfisher Ok,2.191,0.842,1.923
Kingman Ks,2.351,0.742,1.892
Kings Ca,2.351,0.742,1.892
Kings Ny,2.43,0.812,1.92
Kingsbury Sd,2.191,0.842,1.923
Kinney Tx,2.351,0.742,1.893
Kiowa Co,2.151,0.742,1.893
Kiowa Ks,2.351,0.742,1.893
Kiowa Ok,2.191,0.682,1.835
Kitsap Wa,2.351,0.842,1.927
Kit Carson Co,2.351,0.742,1.892
Kittitas Wa,2.191,0.842,1.923
Kittson Mn,1.873,0.682,2.191
Klamath Or,2.151,0.682,1.923
Kleberg Tx,2.151,0.682,1.923
Klickitat Wa,2.151,0.742,1.893
Knott Ky,1.921,0.682,2.117
Knox Il,2.381,0.742,1.923
Knox In,2.191,0.842,1.923
Knox Ky,2.191,0.682,1.923
Knox Me,2.191,0.842,1.923
Knox Mo,2.191,0.682,1.923
Knox Ne,2.381,0.742,1.923
Knox Oh,2.191,0.842,1.923
Knox Tn,2.51,0.732,1.93
Knox Tx,1.931,0.682,2.117
Kodiak Island Ak,2.191,0.842,1.923
Koochiching Mn,1.876,0.742,2.351
Kootenai Id,2.351,0.742,1.892
Kosciusko In,2.191,0.842,1.923
Kossuth Ia,2.381,0.742,1.923
Kusilvak Ak,1.87,0.421,2.14
La Crosse Wi,2.191,0.842,1.923
La Paz Az,2.351,0.742,1.892
La Plata Co,2.191,0.842,1.923
La Salle Tx,2.191,0.682,1.835
Labette Ks,1.851,0.682,2.193
Lackawanna Pa,1.921,0.682,2.157
Lac Qui Parle Mn,1.821,0.742,2.135
Laclede Mo,2.191,0.682,1.923
Lafayette Ar,2.191,0.842,1.923
Lafayette Fl,2.191,0.842,1.923
Lafayette Mo,2.191,0.842,1.923
Lafayette La,2.151,0.682,1.923
Lafayette Ms,2.351,0.742,1.892
Lafayette Wi,1.831,0.742,2.195
Lagrange In,2.51,0.742,1.93
Lafourche La,2.381,0.742,1.923
Lajas Pr,1.93,0.682,2.11
Lake And Peninsula Ak,1.817,0.421,2.191
Lake Ca,2.191,0.842,1.923
Lake Co,2.351,0.742,1.876
Lake Fl,2.191,0.842,1.923
Lake Il,2.191,0.842,1.923
Lake In,2.151,0.682,1.923
Lake Mn,2.191,0.842,1.923
Lake Mi,2.191,0.842,1.923
Lake Mt,2.191,0.842,1.923
Lake Of The Woods Mn,2.351,0.742,1.892
Lake Oh,2.191,0.842,1.923
Lake Or,2.193,0.842,1.937
Lake Sd,2.351,0.742,1.892
Lake Tn,2.381,0.742,1.923
Lamar Al,2.191,0.682,1.835
Lamar Ga,2.191,0.682,1.923
Lamar Ms,2.191,0.682,1.835
Lamar Tx,2.51,0.742,1.83
Lamb Tx,2.351,0.742,1.893
Lamoille Vt,2.351,0.842,1.927
Lamoure Nd,2.191,0.682,1.842
Lampasas Tx,2.191,0.842,1.923
Lancaster Ne,2.191,0.842,1.923
Lancaster Pa,2.191,0.842,1.923
Lancaster Va,2.51,0.742,1.83
Lancaster Sc,2.51,0.742,1.93
Lander Nv,2.581,0.742,1.923
Lane Or,2.191,0.842,1.923
Lane Ks,2.191,0.842,1.923
Langlade Wi,2.351,0.742,1.893
Lanier Ga,2.351,0.742,1.892
Lapeer Mi,2.351,0.742,1.928
Laporte In,2.381,0.742,1.923
Laramie Wy,2.191,0.842,1.923
Lares Pr,2.191,0.842,1.923
Larimer Co,2.191,0.842,1.923
Larue Ky,2.141,0.682,1.917
Las Animas Co,2.141,0.682,1.923
Las Marías Pr,2.351,0.742,1.893
Las Piedras Pr,2.191,0.842,1.923
Lasalle Il,2.351,0.742,1.928
Lasalle La,2.191,0.682,1.835
Latah Id,2.191,0.842,1.923
Lassen Ca,2.851,0.742,2.193
Latimer Ok,2.351,0.742,1.893
Lauderdale Al,2.381,0.742,1.923
Lauderdale Ms,2.191,0.682,1.923
Lauderdale Tn,2.141,0.682,1.923
Laurel Ky,2.351,0.742,1.892
Laurens Ga,2.351,0.742,1.892
Laurens Sc,2.351,0.742,1.893
Lavaca Tx,2.381,0.742,1.923
Lawrence Al,2.151,0.682,1.923
Lawrence Ar,2.191,0.682,1.835
Lawrence Il,1.921,0.682,2.157
Lawrence In,2.191,0.682,1.835
Lawrence Ky,2.191,0.682,1.835
Lawrence Mo,2.191,0.842,1.923
Lawrence Ms,2.191,0.682,1.923
Lawrence Oh,2.191,0.682,1.835
Lawrence Pa,2.191,0.842,1.923
Lawrence Sd,2.381,0.742,1.923
Lawrence Tn,2.191,0.682,1.923
Le Flore Ok,2.151,0.682,1.892
Le Sueur Mn,2.351,0.742,1.892
Lea Nm,2.191,0.682,1.923
Leake Ms,1.876,0.742,2.351
Leavenworth Ks,2.41,0.732,1.93
Lebanon Pa,2.51,0.742,1.93
Lee Al,2.351,0.742,1.892
Lee Ar,2.191,0.842,1.923
Lee Fl,2.151,0.682,1.923
Lee Ga,2.191,0.842,1.923
Lee Ia,2.191,0.842,1.923
Lee Il,2.191,0.842,1.923
Lee Ky,2.191,0.842,1.923
Lee Ms,2.151,0.682,1.923
Lee Nc,2.151,0.682,1.938
Lee Sc,2.191,0.842,1.923
Lee Va,2.191,0.842,1.937
Lee Tx,2.581,0.742,1.923
Leelanau Mi,2.191,0.842,1.923
Leflore Ms,2.191,0.682,1.923
Lehigh Pa,2.381,0.742,1.927
Lemhi Id,1.851,0.682,2.193
Lenawee Mi,2.141,0.682,1.923
Lenoir Nc,2.381,0.742,1.923
Leon Fl,2.351,0.742,1.892
Leon Tx,2.191,0.842,1.923
Leslie Ky,2.191,0.682,1.835
Letcher Ky,2.191,0.682,1.835
Levy Fl,2.851,0.742,1.923
Lewis And Clark Mt,2.51,0.742,1.93
Lewis Id,2.191,0.842,1.923
Lewis Ky,2.191,0.682,1.923
Lewis Mo,2.191,0.682,1.835
Lewis Ny,2.191,0.682,1.835
Lewis Tn,2.191,0.682,1.923
Lewis Wa,2.351,0.742,1.892
Lewis Wv,2.191,0.682,1.93
Lexington Sc,2.191,0.842,1.923
Lexington Va,2.351,0.842,1.927
Liberty Fl,2.351,0.742,1.892
Liberty Ga,2.381,0.742,1.923
Liberty Mt,2.191,0.842,1.923
Liberty Tx,2.351,0.742,1.892
Licking Oh,2.351,0.742,1.893
Limestone Al,2.191,0.682,1.835
Limestone Tx,2.381,0.742,1.923
Lincoln Ar,2.151,0.682,1.923
Lincoln Co,2.191,0.842,1.923
Lincoln Ga,2.191,0.682,1.923
Lincoln Id,2.191,0.842,1.923
Lincoln Ks,2.351,0.742,1.893
Lincoln Ky,2.81,0.742,1.93
Lincoln La,2.191,0.842,1.923
Lincoln Me,2.351,0.842,1.927
Lincoln Mn,2.191,0.842,1.923
Lincoln Mo,2.351,0.742,1.892
Lincoln Ms,2.141,0.682,1.923
Lincoln Mt,2.191,0.842,1.923
Lincoln Nc,2.381,0.742,1.923
Lincoln Ne,2.351,0.742,1.893
Lincoln Nv,2.351,0.742,1.927
Lincoln Nm,2.191,0.682,1.923
Lincoln Ok,2.191,0.842,1.923
Lincoln Sd,2.191,0.842,1.923
Lincoln Or,2.191,0.842,1.923
Lincoln Tn,2.191,0.682,1.923
Lincoln Wi,2.351,0.742,1.892
Lincoln Wa,2.351,0.742,1.892
Lincoln Wv,2.191,0.682,1.923
Linn Ia,2.191,0.842,1.923
Lincoln Wy,2.191,0.842,1.923
Linn Ks,2.151,0.682,1.893
Linn Or,2.191,0.842,1.923
Linn Mo,2.351,0.742,1.892
Lipscomb Tx,2.851,0.742,1.923
Little River Ar,2.351,0.742,1.892
Live Oak Tx,2.51,0.742,1.93
Livingston Il,2.351,0.742,1.829
Livingston Ky,2.151,0.682,1.823
Livingston La,2.191,0.842,1.923
Livingston Mi,1.217,0.842,1.421
Livingston Mo,2.191,0.842,1.923
Livingston Ny,1.87,0.742,2.13
Llano Tx,2.351,0.742,1.893
Logan Co,2.191,0.842,1.923
Logan Ar,2.191,0.682,1.923
Logan Il,2.351,0.742,1.892
Logan Ky,2.191,0.682,1.835
Logan Ks,2.191,0.682,1.923
Logan Nd,2.191,0.842,1.923
Logan Ne,2.191,0.842,1.923
Logan Oh,2.351,0.742,1.827
Logan Ok,2.191,0.842,1.923
Logan Wv,2.151,0.682,1.938
Loíza Pr,2.191,0.682,1.923
Lorain Oh,2.191,0.742,1.835
Lonoke Ar,2.351,0.742,1.893
Long Ga,2.191,0.682,1.923
Los Alamos Nm,1.217,0.842,1.512
Los Angeles Ca,2.531,0.842,1.982
Loudon Tn,2.351,0.742,1.892
Loudoun Va,2.17,0.842,1.93
Louisa Va,1.876,0.732,2.145
Louisa Ia,1.817,0.742,2.351
Loup Ne,2.191,0.842,1.923
Loving Tx,2.351,0.742,1.893
Love Ok,2.191,0.842,1.923
Lower Connecticut River Valley Ct,2.17,0.842,1.93
Lowndes Al,2.191,0.682,1.923
Lowndes Ga,1.854,0.682,2.191
Lowndes Ms,2.191,0.682,1.835
Lubbock Tx,2.51,0.742,1.93
Lucas Ia,2.191,0.842,1.923
Lucas Oh,2.351,0.742,1.892
Luce Mi,1.851,0.682,2.193
Lumpkin Ga,1.83,0.742,2.11
Lunenburg Va,2.81,0.742,2.19
Luna Nm,2.191,0.682,1.923
Luquillo Pr,2.51,0.732,1.93
Luzerne Pa,2.191,0.682,1.923
Lycoming Pa,2.351,0.842,1.927
Lyman Sd,2.381,0.742,1.923
Lynchburg Va,2.351,0.742,1.892
Lynn Tx,2.141,0.682,1.923
Lyon Ia,2.191,0.842,1.923
Lyon Ks,2.17,0.842,1.93
Lyon Ky,2.191,0.682,1.923
Lyon Mn,1.937,0.842,2.191
Lyon Nv,2.381,0.742,1.923
Mackinac Mi,2.351,0.742,1.927
Macomb Mi,2.17,0.842,1.93
Macon Al,2.191,0.682,1.923
Macon Ga,2.41,0.682,1.93
Macon Il,2.851,0.742,1.923
Macon Mo,1.921,0.682,2.135
Macon Nc,2.351,0.742,1.893
Macon Tn,2.51,0.742,1.93
Macoupin Il,1.817,0.682,2.191
Madera Ca,2.351,0.742,1.893
Madison Al,2.191,0.842,1.923
Madison Ar,2.191,0.842,1.923
Madison Fl,2.191,0.842,1.923
Madison Ga,2.191,0.842,1.923
Madison Ia,2.191,0.842,1.923
Madison Id,2.191,0.842,1.923
Madison Il,2.17,0.842,1.93
Madison In,2.191,0.842,1.923
Madison Ky,2.151,0.682,1.923
Madison La,2.351,0.742,1.892
Madison Mo,2.191,0.842,1.923
Madison Ms,2.191,0.842,1.923
Madison Mt,2.191,0.842,1.923
Madison Nc,2.191,0.842,1.923
Madison Ne,2.191,0.842,1.923
Madison Ny,2.351,0.742,1.893
Madison Oh,2.191,0.842,1.923
Madison Tn,2.351,0.742,1.892
Madison Tx,2.191,0.842,1.923
Madison Va,2.351,0.842,1.927
Magoffin Ky,2.191,0.682,1.923
Mahaska Ia,2.191,0.842,1.923
Mahnomen Mn,1.851,0.682,2.193
Mahoning Oh,2.351,0.742,1.893
Major Ok,2.851,0.742,1.923
Malheur Or,2.141,0.682,1.923
Manassas Park Va,2.43,0.812,1.92
Manassas Va,2.381,0.742,1.923
Manatí Pr,2.351,0.742,1.892
Manatee Fl,2.141,0.732,1.923
Manistee Mi,1.817,0.742,2.351
Manu'A As,2.191,0.842,1.923
Manitowoc Wi,2.351,0.742,1.892
Marathon Wi,2.191,0.842,1.923
Marengo Al,2.381,0.742,1.923
Maricao Pr,2.191,0.682,1.835
Maricopa Az,2.517,0.842,1.938
Maries Mo,2.138,0.742,1.921
Marin Ca,2.17,0.842,1.93
Marinette Wi,2.351,0.842,1.923
Marion Al,2.351,0.742,1.893
Marion Ar,2.51,0.742,1.93
Marion Fl,2.851,0.742,1.923
Marion Ga,2.191,0.682,1.923
Marion Ia,2.191,0.842,1.923
Marion Il,2.351,0.682,1.927
Marion In,1.875,0.682,2.213
Marion Ks,2.351,0.742,1.827
Marion Ky,2.191,0.682,1.923
Marion Ms,2.191,0.682,1.835
Marion Mo,2.151,0.682,1.893
Marion Oh,2.351,0.742,1.893
Marion Or,2.351,0.842,1.927
Marion Sc,2.351,0.742,1.893
Marion Tx,2.51,0.682,1.93
Marion Tn,2.191,0.682,1.923
Marion Wv,2.191,0.682,1.923
Mariposa Ca,2.81,0.742,1.93
Marlboro Sc,2.191,0.842,1.923
Marquette Mi,2.191,0.842,1.923
Marquette Wi,2.351,0.742,1.892
Marshall Al,2.351,0.742,1.892
Marshall Ia,2.191,0.842,1.923
Marshall Il,2.351,0.742,1.892
Marshall In,2.351,0.742,1.892
Marshall Ks,2.381,0.742,1.927
Marshall Ky,2.151,0.682,1.923
Marshall Mn,2.191,0.842,1.923
Marshall Ms,2.191,0.682,1.923
Marshall Ok,2.351,0.742,1.893
Marshall Sd,2.191,0.842,1.923
Marshall Tn,2.351,0.742,1.892
Marshall Wv,2.351,0.742,1.892
Martin Fl,2.191,0.842,1.923
Martin In,2.191,0.842,1.923
Martin Ky,2.141,0.682,1.923
Martin Mn,2.351,0.742,1.892
Martin Nc,2.351,0.742,1.893
Martinsville Va,2.191,0.682,1.835
Martin Tx,2.191,0.842,1.923
Mason Il,2.191,0.842,1.923
Mason Ky,2.191,0.682,1.923
Mason Mi,2.351,0.742,1.893
Mason Tx,2.351,0.742,1.892
Mason Wa,2.191,0.842,1.923
Mason Wv,2.141,0.682,1.923
Massac Il,1.421,0.682,1.853
Matagorda Tx,2.381,0.742,1.923
Matanuska-Susitna Ak,2.191,0.842,1.923
Mathews Va,2.191,0.842,1.923
Maui Hi,2.191,0.842,1.923
Maunabo Pr,2.191,0.682,1.923
Maury Tn,2.151,0.682,1.923
Mayagüez Pr,2.191,0.682,1.835
Maverick Tx,2.151,0.682,1.923
Mayes Ok,2.351,0.742,1.893
Mcclain Ok,2.351,0.742,1.893
Mccone Mt,2.191,0.682,1.923
Mccook Sd,1.217,0.842,1.512
Mccormick Sc,2.151,0.682,1.923
Mccreary Ky,1.921,0.682,2.517
Mccracken Ky,2.351,0.742,1.927
Mcculloch Tx,2.351,0.742,1.893
Mccurtain Ok,2.191,0.682,1.923
Mcdonald Mo,2.191,0.682,1.923
Mcdonough Il,2.351,0.742,1.892
Mcdowell Nc,2.191,0.682,1.835
Mcdowell Wv,2.191,0.682,1.923
Mcduffie Ga,2.191,0.842,1.923
Mchenry Il,2.17,0.842,1.93
Mchenry Nd,2.191,0.842,1.923
Mcintosh Ga,2.191,0.682,1.923
Mcintosh Nd,2.191,0.682,1.923
Mcintosh Ok,1.821,0.682,2.191
Mckean Pa,1.817,0.742,2.351
Mckenzie Nd,2.191,0.842,1.923
Mckinley Nm,2.151,0.682,1.923
Mclean Il,2.191,0.842,1.923
Mclean Ky,2.191,0.682,1.923
Mclean Nd,2.191,0.842,1.923
Mclennan Tx,2.351,0.742,1.927
Mcleod Mn,2.531,0.842,1.923
Mcminn Tn,2.351,0.742,1.892
Mcmullen Tx,2.191,0.842,1.923
Mcnairy Tn,2.191,0.682,1.923
Mcpherson Ks,1.835,0.742,2.191
Mcpherson Ne,2.191,0.842,1.923
Mcpherson Sd,1.217,0.842,1.503
Meade Ks,1.851,0.682,2.193
Meade Ky,2.351,0.742,1.893
Meade Sd,1.217,0.842,1.512
Meagher Mt,2.191,0.842,1.923
Mecklenburg Nc,2.351,0.842,1.928
Mecklenburg Va,2.191,0.842,1.923
Mecosta Mi,2.191,0.682,1.923
Medina Tx,2.351,0.842,1.928
Medina Oh,1.217,0.842,1.421
Meeker Mn,2.191,0.842,1.923
Meigs Oh,1.873,0.682,2.351
Meigs Tn,2.191,0.682,1.923
Mellette Sd,2.191,0.842,1.923
Menard Il,2.191,0.842,1.923
Menard Tx,2.191,0.682,1.923
Mendocino Ca,2.51,0.742,1.93
Menifee Ky,2.191,0.842,1.923
Menominee Mi,2.191,0.682,1.923
Menominee Wi,1.851,0.682,2.193
Merced Ca,2.191,0.682,1.923
Mercer Il,2.381,0.742,1.926
Mercer Ky,1.831,0.682,2.191
Mercer Mo,2.351,0.742,1.892
Mercer Nd,2.191,0.842,1.923
Mercer Nj,2.191,0.842,1.923
Mercer Oh,2.191,0.842,1.923
Mercer Pa,2.191,0.842,1.923
Mercer Wv,2.51,0.682,1.93
Meriwether Ga,2.191,0.682,1.835
Merrick Ne,2.351,0.742,1.892
Merrimack Nh,2.351,0.842,1.927
Mesa Co,2.191,0.842,1.923
Metcalfe Ky,2.851,0.742,1.923
Miami In,2.191,0.842,1.823
Miami Ks,2.151,0.682,1.938
Miami-Dade Fl,2.191,0.842,1.923
Miami Oh,2.51,0.812,1.92
Middlesex Ma,2.191,0.842,1.923
Middlesex Va,2.191,0.842,1.923
Middlesex Nj,2.351,0.742,1.892
Midland Mi,2.191,0.842,1.923
Midland Tx,2.17,0.842,1.93
Milam Tx,2.191,0.682,1.923
Mifflin Pa,2.151,0.682,1.923
Millard Ut,2.191,0.842,1.923
Miller Ar,2.141,0.682,1.923
Mille Lacs Mn,2.191,0.682,1.923
Miller Ga,2.151,0.682,1.923
Mills Ia,2.191,0.842,1.923
Miller Mo,2.351,0.742,1.893
Mills Tx,2.381,0.742,1.923
Milwaukee Wi,2.191,0.682,1.923
Miner Sd,2.191,0.842,1.93
Mineral Co,2.191,0.682,1.923
Mineral Nv,2.191,0.682,1.923
Mineral Mt,2.151,0.742,1.893
Mineral Wv,2.191,0.682,1.851
Mingo Wv,2.191,0.682,1.923
Minidoka Id,2.351,0.742,1.893
Minnehaha Sd,2.351,0.842,1.927
Missaukee Mi,2.18,0.742,1.92
Mississippi Ar,2.191,0.682,1.835
Mississippi Mo,2.191,0.682,1.923
Mitchell Ga,2.351,0.742,1.892
Missoula Mt,2.351,0.742,1.893
Mitchell Ia,2.351,0.842,1.927
Mitchell Ks,2.351,0.742,1.893
Mitchell Nc,2.191,0.682,1.835
Mitchell Tx,2.191,0.842,1.923
Mobile Al,2.151,0.682,1.923
Moca Pr,2.191,0.682,1.923
Modoc Ca,2.191,0.682,1.835
Moffat Co,2.351,0.742,1.893
Mohave Az,2.191,0.682,1.923
Moniteau Mo,2.381,0.742,1.923
Monmouth Nj,2.531,0.842,2.191
Mono Ca,2.191,0.842,1.923
Monona Ia,2.191,0.842,1.923
Monongalia Wv,2.151,0.682,1.923
Monroe Al,2.81,0.742,1.93
Monroe Ar,2.151,0.742,1.983
Monroe Fl,2.351,0.742,1.892
Monroe Ga,2.191,0.682,1.923
Monroe Ia,2.381,0.742,1.923
Monroe Il,1.921,0.682,2.115
Monroe In,2.351,0.742,1.927
Monroe Ky,2.191,0.682,1.835
Monroe Mi,2.351,0.742,1.893
Monroe Mo,2.351,0.742,1.892
Monroe Ms,2.191,0.682,1.923
Monroe Ny,2.351,0.742,1.892
Monroe Oh,2.381,0.742,1.923
Monroe Pa,2.351,0.742,1.892
Monroe Tn,2.51,0.742,1.83
Monroe Wi,2.191,0.842,1.923
Monroe Wv,2.191,0.682,1.923
Montague Tx,2.351,0.742,1.927
Montcalm Mi,2.191,0.682,1.853
Monterey Ca,2.351,0.842,1.923
Montezuma Co,2.191,0.682,1.923
Montgomery Ar,2.351,0.742,1.892
Montgomery Al,2.191,0.842,1.923
Montgomery Ga,2.191,0.842,1.923
Montgomery Il,2.191,0.842,1.923
Montgomery Ia,2.51,0.742,1.93
Montgomery In,2.191,0.743,1.892
Montgomery Ks,2.351,0.742,1.893
Montgomery Ky,2.531,0.682,1.892
Montgomery Md,2.351,0.842,1.927
Montgomery Mo,2.351,0.742,1.892
Montgomery Ms,2.191,0.682,1.923
Montgomery Nc,2.351,0.742,1.893
Montgomery Ny,2.351,0.742,1.893
Montgomery Oh,2.51,0.742,1.93
Montgomery Pa,2.351,0.742,1.892
Montgomery Tn,2.191,0.842,1.93
Montgomery Va,2.351,0.842,1.927
Montgomery Tx,2.351,0.742,1.892
Montmorency Mi,1.851,0.682,2.193
Montour Pa,2.191,0.842,1.923
Montrose Co,2.191,0.842,1.923
Moody Sd,2.351,0.742,1.892
Moore Tn,2.191,0.842,1.873
Moore Nc,2.351,0.742,1.893
Moore Tx,2.191,0.842,1.923
Morehouse La,1.921,0.682,2.117
Mora Nm,2.191,0.682,1.923
Morgan Al,2.351,0.842,1.927
Morgan Co,2.191,0.842,1.923
Morgan Ga,2.191,0.842,1.923
Morgan Il,2.191,0.842,1.923
Morgan Ky,2.141,0.682,1.923
Morgan In,2.43,0.812,1.92
Morgan Mo,2.191,0.682,1.823
Morgan Tn,2.351,0.742,1.893
Morgan Oh,2.351,0.742,1.876
Morgan Ut,2.351,0.742,1.927
Morovis Pr,2.51,0.682,1.93
Morgan Wv,1.851,0.682,2.193
Morrill Ne,2.381,0.742,1.927
Morris Nj,2.351,0.742,1.876
Morris Ks,2.191,0.842,1.923
Morris Tx,2.191,0.682,1.835
Morrison Mn,2.191,0.842,1.923
Morrow Oh,2.351,0.742,1.892
Morrow Or,2.381,0.742,1.923
Morton Ks,2.351,0.742,1.893
Morton Nd,2.191,0.842,1.923
Motley Tx,2.191,0.682,1.923
Moultrie Il,2.351,0.742,1.927
Mountrail Nd,2.191,0.682,1.923
Mower Mn,2.351,0.742,1.892
Muhlenberg Ky,2.141,0.682,1.923
Multnomah Or,2.351,0.742,1.927
Murray Ga,2.151,0.682,1.923
Murray Ok,2.191,0.842,1.923
Murray Mn,1.817,0.742,2.351
Muscatine Ia,2.351,0.742,1.892
Muscogee Ga,2.141,0.682,1.893
Muskegon Mi,2.191,0.682,1.923
Muskingum Oh,2.191,0.682,1.923
Musselshell Mt,2.191,0.682,1.923
Muskogee Ok,2.191,0.682,1.923
Nacogdoches Tx,2.191,0.682,1.923
Naguabo Pr,2.191,0.682,1.923
Nance Ne,2.191,0.842,1.923
Nantucket Ma,2.351,0.842,1.927
Naranjito Pr,2.191,0.682,1.923
Napa Ca,2.351,0.842,1.927
Nash Nc,2.351,0.842,1.927
Nassau Fl,2.351,0.742,1.892
Nassau Ny,2.191,0.842,1.923
Natchitoches La,2.191,0.682,1.923
Naugatuck Valley Ct,2.351,0.742,1.892
Natrona Wy,2.351,0.742,1.892
Navajo Az,2.141,0.682,1.923
Navarro Tx,2.351,0.742,1.892
Nelson Ky,2.531,0.742,1.892
Nelson Nd,2.51,0.742,1.93
Nelson Va,2.51,0.742,1.93
Nemaha Ks,2.191,0.842,1.923
Nemaha Ne,2.381,0.742,1.923
Neosho Ks,2.351,0.742,1.892
Neshoba Ms,2.191,0.682,1.923
Ness Ks,2.381,0.742,1.923
Nevada Ca,2.191,0.842,1.923
Nevada Ar,2.191,0.842,1.923
New Hanover Nc,2.351,0.742,1.892
New Kent Va,2.351,0.842,1.921
New Castle De,2.191,0.842,1.923
New Madrid Mo,1.875,0.682,2.219
Newaygo Mi,2.351,0.742,1.893
New York Ny,2.191,0.842,1.923
Newberry Sc,2.381,0.742,1.923
Newport Ri,2.191,0.842,1.923
Newport News Va,2.351,0.742,1.892
Newton Ar,2.191,0.682,1.835
Newton Ga,2.191,0.682,1.923
Newton In,2.351,0.742,1.893
Newton Mo,2.351,0.742,1.927
Newton Ms,2.141,0.682,1.923
Newton Tx,2.351,0.742,1.892
Nez Perce Id,1.931,0.682,2.117
Niagara Ny,2.351,0.742,1.927
Nicholas Ky,1.873,0.682,2.191
Nicholas Wv,2.191,0.682,1.923
Nicollet Mn,2.191,0.842,1.923
Niobrara Wy,2.191,0.842,1.923
Noble In,2.191,0.842,1.93
Noble Oh,2.191,0.842,1.923
Noble Ok,2.351,0.742,1.892
Nobles Mn,1.927,0.842,2.151
Nodaway Mo,2.151,0.682,1.893
Nome Ak,2.191,0.682,1.854
Nolan Tx,2.351,0.742,1.892
Norfolk Ma,2.351,0.842,1.927
Norfolk Va,2.351,0.842,1.928
Norman Mn,2.191,0.842,1.923
North Slope Ak,2.191,0.682,1.923
Northampton Nc,2.191,0.682,1.835
Northampton Pa,2.191,0.682,1.923
Northampton Va,2.351,0.742,1.893
Northeastern Connecticut Ct,2.191,0.842,1.923
Northern Islands Mp,2.191,0.682,1.923
Northumberland Pa,2.141,0.682,1.923
Northumberland Va,1.821,0.682,2.191
Northwest Hills Ct,1.217,0.842,1.421
Northwest Arctic Ak,2.151,0.682,1.923
Norton Ks,2.191,0.682,1.923
Norton Va,2.351,0.742,1.892
Nottoway Va,1.821,0.742,2.117
Nowata Ok,2.191,0.682,1.842
Nuckolls Ne,2.51,0.742,1.93
Noxubee Ms,2.191,0.682,1.923
Nueces Tx,2.351,0.842,1.927
Nye Nv,2.191,0.682,1.923
O'Brien Ia,2.191,0.842,1.923
Oakland Mi,2.531,0.842,1.917
Ocean Nj,2.351,0.742,1.892
Obion Tn,2.191,0.682,1.835
Oceana Mi,2.191,0.682,1.923
Ochiltree Tx,2.381,0.742,1.921
Oconee Ga,1.317,0.842,2.191
Oconee Sc,2.191,0.842,1.923
Oconto Wi,2.191,0.842,1.923
Ogemaw Mi,2.191,0.682,1.923
Oglala Lakota Sd,1.93,0.421,2.11
Ogle Il,2.381,0.742,1.923
Oglethorpe Ga,2.151,0.682,1.893
Ohio In,2.191,0.842,1.923
Ohio Ky,2.191,0.842,1.923
Ohio Wv,2.351,0.742,1.892
Okaloosa Fl,2.351,0.742,1.927
Okanogan Wa,2.191,0.682,1.923
Okeechobee Fl,2.141,0.682,1.923
Okfuskee Ok,2.141,0.682,1.923
Oklahoma Ok,2.191,0.682,1.835
Okmulgee Ok,2.191,0.682,1.923
Oktibbeha Ms,2.191,0.682,1.923
Oldham Ky,2.191,0.842,1.923
Oliver Nd,2.191,0.842,1.923
Oldham Tx,2.191,0.842,1.923
Olmsted Mn,2.13,0.842,1.87
Oneida Id,2.531,0.842,1.982
Oneida Ny,2.351,0.742,1.893
Oneida Wi,2.351,0.742,1.892
Onondaga Ny,2.351,0.742,1.893
Onslow Nc,1.851,0.682,2.193
Ontario Ny,2.351,0.742,1.893
Ontonagon Mi,2.351,0.742,1.892
Orange Ca,2.351,0.842,1.927
Orange Fl,2.351,0.842,1.928
Orange In,2.191,0.842,1.923
Orange Nc,2.191,0.842,1.923
Orange Ny,2.191,0.842,1.923
Orange Va,2.51,0.732,1.92
Orange Tx,2.191,0.842,1.923
Orange Vt,1.817,0.742,2.351
Oregon Mo,2.191,0.842,1.923
Orangeburg Sc,2.191,0.682,1.923
Orleans La,2.191,0.842,1.923
Orleans Ny,1.921,0.682,2.117
Orleans Vt,1.921,0.682,2.157
Orocovis Pr,2.191,0.682,1.923
Osage Ks,2.191,0.682,1.923
Osage Mo,2.381,0.742,1.923
Osage Ok,2.191,0.842,1.923
Osborne Ks,2.351,0.742,1.892
Osceola Fl,2.351,0.742,1.927
Osceola Ia,2.851,0.742,1.923
Osceola Mi,1.831,0.682,2.195
Oscoda Mi,2.191,0.682,1.923
Oswego Ny,2.191,0.682,1.923
Otero Co,2.191,0.842,1.923
Otero Nm,2.351,0.742,1.893
Otoe Ne,2.191,0.842,1.923
Otsego Mi,2.191,0.842,1.923
Otsego Ny,2.351,0.742,1.893
Ottawa Ks,2.351,0.742,1.892
Ottawa Mi,2.351,0.742,1.892
Ottawa Oh,2.51,0.742,1.83
Ottawa Ok,2.191,0.842,1.923
Otter Tail Mn,2.191,0.842,1.923
Ouachita La,2.191,0.682,1.835
Ouachita Ar,2.351,0.742,1.892
Ouray Co,2.51,0.812,1.93
Overton Tn,2.351,0.742,1.893
Outagamie Wi,2.191,0.842,1.923
Owen In,2.191,0.742,1.892
Owen Ky,1.921,0.682,2.117
Owsley Ky,2.151,0.682,1.923
Owyhee Id,2.381,0.742,1.923
Oxford Me,2.351,0.742,1.893
Ozark Mo,2.351,0.742,1.893
Ozaukee Wi,2.191,0.842,1.923
Page Ia,2.191,0.842,1.923
Pacific Wa,2.191,0.842,1.923
Page Va,2.351,0.742,1.893
Palm Beach Fl,2.51,0.842,1.93
Palo Alto Ia,1.217,0.842,1.512
Palo Pinto Tx,2.351,0.742,1.893
Pamlico Nc,2.351,0.742,1.893
Panola Ms,2.381,0.742,1.923
Panola Tx,2.351,0.742,1.893
Park Co,2.381,0.742,1.923
Park Mt,2.191,0.842,1.923
Park Wy,2.191,0.842,1.93
Parke In,2.381,0.742,1.927
Parker Tx,2.51,0.742,1.93
Parmer Tx,2.141,0.682,1.923
Pasco Fl,2.351,0.742,1.892
Pasquotank Nc,2.351,0.742,1.892
Passaic Nj,2.191,0.682,1.923
Patrick Va,2.151,0.682,1.893
Patillas Pr,2.191,0.682,1.835
Paulding Ga,2.183,0.742,1.923
Pawnee Ks,2.351,0.742,1.892
Paulding Oh,2.191,0.842,1.923
Pawnee Ne,2.351,0.842,1.927
Pawnee Ok,2.191,0.682,1.923
Payette Id,2.351,0.742,1.927
Payne Ok,2.351,0.742,1.927
Peach Ga,2.351,0.742,1.892
Pearl River Ms,2.151,0.682,1.923
Pecos Tx,2.191,0.682,1.923
Pemiscot Mo,2.41,0.682,1.93
Pembina Nd,2.381,0.742,1.923
Pend Oreille Wa,2.191,0.682,1.923
Pender Nc,1.817,0.742,2.351
Pendleton Ky,1.87,0.742,2.31
Pendleton Wv,1.851,0.682,2.193
Pennington Mn,2.351,0.842,1.927
Pennington Sd,2.351,0.742,1.892
Penobscot Me,2.351,0.742,1.927
Peñuelas Pr,2.191,0.682,1.923
Peoria Il,2.351,0.742,1.893
Pepin Wi,2.191,0.842,1.817
Perquimans Nc,2.351,0.742,1.893
Perkins Sd,2.351,0.742,1.893
Perkins Ne,2.191,0.842,1.923
Perry Al,2.191,0.682,1.853
Perry Il,2.151,0.682,1.893
Perry Ar,2.51,0.682,1.93
Perry In,2.351,0.742,1.893
Perry Ky,2.191,0.682,1.835
Perry Mo,2.191,0.682,1.923
Perry Ms,2.191,0.682,1.923
Perry Oh,2.191,0.682,1.835
Perry Pa,2.191,0.682,1.923
Perry Tn,2.191,0.682,1.923
Person Nc,2.191,0.842,1.923
Pershing Nv,2.351,0.742,1.892
Petersburg Ak,2.191,0.682,1.923
Petroleum Mt,2.191,0.682,1.923
Petersburg Va,2.191,0.682,1.923
Pettis Mo,2.381,0.742,1.923
Phelps Ne,2.141,0.682,1.893
Phelps Mo,2.51,0.742,1.83
Philadelphia Pa,2.191,0.682,1.923
Phillips Ar,2.151,0.682,1.923
Phillips Co,2.531,0.742,1.892
Phillips Ks,1.817,0.742,2.491
Phillips Mt,2.191,0.742,1.853
Piatt Il,2.381,0.742,1.923
Pickaway Oh,1.817,0.682,2.351
Pickens Al,2.531,0.742,1.892
Pickens Ga,2.351,0.742,1.893
Pickens Sc,2.191,0.842,1.923
Pierce Ga,2.191,0.682,1.923
Pickett Tn,2.351,0.742,1.892
Pierce Nd,2.381,0.742,1.923
Pierce Ne,2.191,0.842,1.93
Pierce Wa,2.351,0.742,1.927
Pierce Wi,2.191,0.842,1.923
Pike Ar,2.351,0.742,1.892
Pike Al,2.51,0.742,1.93
Pike Ga,2.191,0.682,1.835
Pike Il,2.381,0.742,1.923
Pike In,2.851,0.742,1.923
Pike Ky,2.191,0.682,1.923
Pike Ms,2.191,0.682,1.835
Pike Mo,2.351,0.742,1.927
Pike Oh,1.851,0.682,2.193
Pike Pa,2.351,0.742,1.892
Pima Az,2.351,0.742,1.893
Pinal Az,2.191,0.842,1.923
Pine Mn,1.851,0.682,2.193
Pinellas Fl,2.851,0.742,1.923
Pipestone Mn,2.191,0.842,1.923
Piscataquis Me,2.191,0.682,1.923
Pitkin Co,2.191,0.842,1.923
Pitt Nc,2.141,0.682,1.923
Pittsburg Ok,2.351,0.742,1.893
Pittsylvania Va,2.851,0.742,1.923
Piute Ut,2.351,0.742,1.893
Placer Ca,2.351,0.842,1.927
Plaquemines La,2.351,0.742,1.927
Platte Mo,1.876,0.742,2.351
Platte Ne,2.43,0.812,1.92
Platte Wy,2.191,0.842,1.923
Pleasants Wv,2.191,0.842,1.923
Plumas Ca,2.351,0.742,1.892
Plymouth Ia,2.51,0.812,1.93
Plymouth Ma,2.17,0.842,1.93
Pocahontas Ia,2.191,0.842,1.923
Pocahontas Wv,1.851,0.682,2.193
Poinsett Ar,2.191,0.682,1.923
Pointe Coupee La,2.351,0.682,1.927
Polk Ar,2.191,0.842,1.923
Polk Fl,2.351,0.842,1.927
Polk Ga,2.381,0.742,1.923
Polk Ia,2.191,0.842,1.923
Polk Mn,2.191,0.842,1.923
Polk Mo,2.191,0.842,1.923
Polk Nc,2.31,0.842,1.87
Polk Ne,2.191,0.842,1.923
Polk Or,2.191,0.842,1.923
Polk Tx,2.191,0.682,1.923
Polk Tn,2.381,0.742,1.923
Polk Wi,1.217,0.842,1.503
Ponce Pr,2.151,0.682,1.923
Pondera Mt,2.381,0.742,1.923
Pontotoc Ms,2.191,0.682,1.923
Pontotoc Ok,2.351,0.742,1.927
Pope Ar,2.81,0.742,1.93
Pope Il,2.191,0.842,1.923
Pope Mn,2.191,0.842,1.923
Poquoson Va,2.35,0.812,1.92
Portage Oh,1.876,0.742,2.351
Portage Wi,2.351,0.742,1.893
Porter In,2.381,0.742,1.923
Portsmouth Va,2.351,0.742,1.892
Posey In,2.381,0.742,1.923
Pottawatomie Ks,2.381,0.742,1.923
Pottawatomie Ok,2.351,0.742,1.893
Pottawattamie Ia,2.351,0.742,1.892
Potter Pa,2.141,0.682,1.823
Potter Sd,2.191,0.842,1.923
Potter Tx,2.191,0.682,1.835
Powell Ky,2.191,0.682,1.923
Powder River Mt,1.921,0.682,2.115
Powell Mt,2.191,0.842,1.923
Power Id,2.191,0.842,1.923
Poweshiek Ia,2.351,0.842,1.927
Powhatan Va,2.191,0.842,1.923
Prairie Ar,2.191,0.682,1.923
Prairie Mt,2.381,0.742,1.923
Pratt Ks,2.351,0.742,1.893
Preble Oh,2.351,0.842,1.923
Prentiss Ms,1.851,0.682,2.193
Presidio Tx,2.141,0.682,1.923
Presque Isle Mi,1.831,0.682,2.195
Preston Wv,2.191,0.682,1.923
Price Wi,2.191,0.842,1.923
Prince Edward Va,2.351,0.742,1.927
Prince George'S Md,2.351,0.742,1.892
Prince George Va,2.43,0.812,1.92
Prince Of Wales-Hyder Ak,2.191,0.682,1.923
Prince William Va,2.191,0.842,1.923
Providence Ri,2.191,0.682,1.923
Prowers Co,2.141,0.682,1.923
Pueblo Co,2.141,0.682,1.923
Pulaski Ar,2.191,0.682,1.853
Pulaski Il,2.191,0.682,1.923
Pulaski Ga,2.851,0.742,1.923
Pulaski In,2.351,0.742,1.893
Pulaski Ky,2.191,0.682,1.923
Pulaski Mo,2.351,0.742,1.893
Pulaski Va,2.191,0.842,1.923
Putnam Fl,2.51,0.842,1.93
Pushmataha Ok,2.191,0.682,1.923
Putnam Ga,2.351,0.742,1.893
Putnam Il,2.381,0.742,1.927
Putnam In,2.351,0.742,1.893
Putnam Mo,2.351,0.742,1.893
Putnam Ny,2.17,0.842,1.93
Putnam Oh,2.381,0.742,1.927
Putnam Tn,2.351,0.742,1.893
Putnam Wv,2.351,0.742,1.892
Quay Nm,2.191,0.682,1.923
Quebradillas Pr,2.191,0.682,1.923
Queen Anne'S Md,2.191,0.842,1.923
Queens Ny,2.51,0.842,1.93
Quitman Ga,2.191,0.682,1.923
Quitman Ms,2.191,0.682,1.839
Rabun Ga,2.191,0.842,1.923
Racine Wi,2.191,0.842,1.923
Radford Va,2.351,0.742,1.893
Rains Tx,2.351,0.742,1.892
Raleigh Wv,2.381,0.742,1.923
Ralls Mo,2.191,0.842,1.923
Ramsey Mn,2.351,0.842,1.927
Ramsey Nd,2.191,0.842,1.923
Randall Tx,1.815,0.742,2.351
Randolph Al,2.191,0.842,1.923
Randolph Ar,2.191,0.682,1.923
Randolph Ga,2.351,0.742,1.892
Randolph Il,2.191,0.842,1.923
Randolph In,2.351,0.742,1.892
Randolph Mo,2.351,0.742,1.927
Randolph Nc,2.381,0.742,1.923
Randolph Wv,2.141,0.682,1.923
Rankin Ms,2.151,0.742,1.823
Ransom Nd,2.191,0.682,1.835
Rapides La,2.191,0.842,1.923
Rappahannock Va,2.191,0.842,1.923
Ravalli Mt,2.191,0.842,1.923
Rawlins Ks,2.351,0.742,1.872
Ray Mo,2.351,0.742,1.892
Reagan Tx,2.191,0.842,1.923
Real Tx,2.191,0.842,1.923
Red Lake Mn,2.191,0.682,1.835
Red River La,2.191,0.682,1.923
Red River Tx,2.191,0.682,1.923
Red Willow Ne,2.351,0.742,1.893
Redwood Mn,2.191,0.842,1.923
Reeves Tx,2.191,0.682,1.835
Refugio Tx,2.191,0.842,1.923
Reno Ks,2.381,0.742,1.923
Rensselaer Ny,2.191,0.682,1.845
Renville Mn,2.381,0.742,1.927
Renville Nd,1.851,0.682,2.193
Republic Ks,2.351,0.742,1.823
Reynolds Mo,2.191,0.682,1.923
Rhea Tn,2.141,0.682,1.927
Rice Ks,2.351,0.742,1.893
Rice Mn,2.191,0.842,1.923
Rich Ut,2.191,0.842,1.923
Richardson Ne,2.51,0.742,1.93
Richland Il,2.381,0.742,1.923
Richland La,2.351,0.742,1.892
Richland Mt,2.191,0.842,1.923
Richland Nd,2.191,0.842,1.923
Richland Oh,2.191,0.842,1.923
Richland Sc,2.351,0.742,1.893
Richland Wi,2.191,0.842,1.923
Richmond Ga,2.351,0.842,1.928
Richmond Nc,2.191,0.682,1.923
Richmond Ny,2.381,0.742,1.923
Richmond Va,2.351,0.742,1.893
Rincón Pr,2.191,0.842,1.923
Riley Ks,2.381,0.742,1.923
Ringgold Ia,2.191,0.842,1.923
Rio Arriba Nm,2.141,0.682,1.923
Rio Blanco Co,1.927,0.842,2.191
Rio Grande Co,2.381,0.742,1.923
Río Grande Pr,2.191,0.682,1.923
Ripley In,2.51,0.742,1.93
Ripley Mo,2.191,0.682,1.935
Ritchie Wv,1.851,0.682,2.193
Riverside Ca,2.351,0.742,1.892
Roane Tn,2.191,0.682,1.923
Roane Wv,1.851,0.682,2.193
Roanoke Va,2.351,0.842,1.927
Roberts Sd,2.191,0.842,1.923
Roberts Tx,2.185,0.742,1.93
Robertson Ky,2.351,0.742,1.893
Robertson Tn,2.381,0.742,1.923
Robertson Tx,2.381,0.742,1.923
Robeson Nc,2.491,0.682,1.873
Rock Island Il,2.141,0.682,1.923
Rock Mn,2.191,0.842,1.923
Rock Ne,2.191,0.842,1.923
Rock Wi,2.191,0.842,1.923
Rockbridge Va,2.191,0.842,1.923
Rockcastle Ky,2.191,0.682,1.923
Rockdale Ga,2.187,0.842,1.923
Rockingham Nc,2.51,0.732,1.93
Rockingham Nh,2.351,0.842,1.927
Rockingham Va,2.531,0.842,1.927
Rockland Ny,2.191,0.842,1.923
Rockwall Tx,2.31,0.842,1.94
Roger Mills Ok,1.821,0.682,2.191
Rogers Ok,2.191,0.842,1.923
Rolette Nd,2.191,0.682,1.923
Rooks Ks,2.351,0.742,1.892
Roosevelt Mt,2.191,0.682,1.85
Roosevelt Nm,2.191,0.682,1.923
Roscommon Mi,2.351,0.742,1.892
Rose Island As,2.191,0.842,1.93
Roseau Mn,2.191,0.842,1.923
Rosebud Mt,1.851,0.682,2.193
Ross Oh,2.191,0.842,1.923
Rota Mp,2.191,0.842,1.923
Routt Co,2.191,0.842,1.923
Rowan Ky,2.351,0.742,1.892
Rowan Nc,2.191,0.842,1.923
Runnels Tx,2.183,0.742,1.927
Rush In,2.351,0.742,1.893
Rush Ks,2.351,0.742,1.892
Rusk Tx,2.141,0.682,1.923
Rusk Wi,2.191,0.842,1.923
Russell Al,2.43,0.812,1.92
Russell Ks,2.191,0.682,1.923
Russell Ky,2.191,0.682,1.835
Russell Va,2.151,0.682,1.923
Rutherford Nc,2.351,0.842,1.927
Rutherford Tn,2.351,0.742,1.927
Rutland Vt,2.191,0.682,1.923
Sabana Grande Pr,2.151,0.682,1.823
Sabine La,2.531,0.682,1.942
Sabine Tx,2.191,0.682,1.923
Sac Ia,2.351,0.742,1.892
Sacramento Ca,2.351,0.742,1.927
Sagadahoc Me,2.13,0.842,1.97
Saginaw Mi,1.875,0.682,2.213
Saguache Co,2.191,0.682,1.923
Saipan Mp,2.191,0.682,1.923
Salem Nj,1.875,0.682,2.351
Salinas Pr,2.851,0.742,2.193
Salem Va,2.191,0.842,1.923
Saline Ar,2.191,0.842,1.923
Saline Ks,2.18,0.742,1.92
Saline Mo,2.13,0.842,1.91
Saline Il,2.51,0.742,1.93
Saline Ne,2.191,0.842,1.923
Saluda Sc,2.581,0.742,1.923
Salt Lake Ut,2.191,0.842,1.923
Sampson Nc,2.141,0.682,1.923
San Augustine Tx,2.191,0.682,1.923
San Benito Ca,2.191,0.842,1.923
San Bernardino Ca,2.351,0.742,1.893
San Francisco Ca,2.517,0.842,1.923
San Diego Ca,2.517,0.842,1.923
San Germán Pr,2.191,0.682,1.835
San Jacinto Tx,2.141,0.682,1.927
San Joaquin Ca,2.191,0.842,1.923
San Juan Co,2.351,0.742,1.892
San Juan Nm,2.191,0.842,1.923
San Juan Pr,2.191,0.842,1.923
San Juan Ut,2.191,0.842,1.923
San Juan Wa,2.191,0.842,1.923
San Lorenzo Pr,2.191,0.842,1.923
San Mateo Ca,2.51,0.842,1.93
San Luis Obispo Ca,2.191,0.842,1.923
San Miguel Co,2.381,0.742,1.923
San Patricio Tx,2.851,0.742,1.923
San Miguel Nm,2.191,0.682,1.923
San Saba Tx,2.351,0.742,1.927
San Sebastián Pr,2.191,0.682,1.835
Sanborn Sd,2.11,0.742,1.93
Sanders Mt,2.381,0.742,1.923
Sandoval Nm,2.351,0.742,1.892
Sandusky Oh,2.191,0.842,1.923
Sangamon Il,2.351,0.742,1.893
Sanilac Mi,1.817,0.742,2.351
Sanpete Ut,2.191,0.842,1.923
Santa Barbara Ca,2.191,0.842,1.923
Santa Clara Ca,2.15,0.82,1.93
Santa Cruz Az,2.191,0.842,1.923
Santa Cruz Ca,2.351,0.742,1.892
Santa Fe Nm,1.821,0.742,2.467
Santa Isabel Pr,2.191,0.682,1.923
Santa Rosa Fl,2.191,0.842,1.923
Sarasota Fl,2.351,0.842,1.927
Saratoga Ny,1.217,0.842,1.512
Sargent Nd,2.351,0.742,1.893
Sauk Wi,2.191,0.842,1.923
Sarpy Ne,2.191,0.842,1.923
Saunders Ne,2.191,0.842,1.923
Schenectady Ny,2.351,0.742,1.893
Sawyer Wi,2.191,0.842,1.923
Schleicher Tx,2.351,0.742,1.893
Schoharie Ny,2.351,0.742,1.982
Schley Ga,2.141,0.682,1.923
Schoolcraft Mi,2.381,0.742,1.923
Schuyler Mo,2.351,0.742,1.892
Schuyler Il,2.351,0.742,1.892
Schuyler Ny,2.351,0.742,1.893
Schuylkill Pa,1.875,0.682,2.125
Scioto Oh,2.51,0.682,1.93
Scotland Mo,2.191,0.842,1.923
Scotland Nc,2.191,0.682,1.923
Scott Ar,2.191,0.842,1.923
Scott Ia,2.51,0.742,1.93
Scott In,2.191,0.842,1.923
Scott Il,2.351,0.742,1.892
Scott Ks,2.351,0.742,1.893
Scott Ky,2.141,0.682,1.923
Scott Mn,2.191,0.842,1.937
Scott Mo,2.191,0.842,1.923
Scott Ms,2.151,0.682,1.923
Scott Tn,2.151,0.682,1.923
Scott Va,2.191,0.682,1.923
Scotts Bluff Ne,2.141,0.682,1.923
Screven Ga,1.927,0.682,2.191
Searcy Ar,1.931,0.682,2.117
Scurry Tx,2.191,0.842,1.923
Sebastian Ar,2.351,0.842,1.927
Sedgwick Co,2.17,0.842,1.93
Sedgwick Ks,2.17,0.842,1.93
Seminole Fl,2.17,0.842,1.93
Seminole Ga,2.351,0.742,1.892
Seminole Ok,2.351,0.742,1.893
Seneca Ny,2.351,0.742,1.893
Seneca Oh,2.191,0.842,1.923
Sequatchie Tn,2.191,0.682,1.835
Sequoyah Ok,2.351,0.742,1.893
Sevier Ar,1.851,0.682,2.193
Sevier Tn,1.931,0.682,2.117
Sevier Ut,2.351,0.742,1.893
Seward Ks,2.191,0.842,1.923
Seward Ne,2.191,0.842,1.923
Shackelford Tx,2.351,0.742,1.893
Shannon Mo,2.191,0.682,1.835
Sharkey Ms,2.191,0.421,1.982
Sharp Ar,2.191,0.842,1.923
Shasta Ca,2.51,0.742,1.83
Shawnee Ks,2.17,0.842,1.93
Shawano Wi,2.351,0.842,1.927
Sheboygan Wi,2.191,0.842,1.923
Shelby Al,2.191,0.842,1.923
Shelby Ia,2.191,0.842,1.923
Shelby Il,2.351,0.742,1.892
Shelby In,2.191,0.842,1.923
Shelby Ky,2.191,0.682,1.923
Shelby Mo,2.191,0.682,1.923
Shelby Oh,2.191,0.842,1.923
Shelby Tn,2.851,0.742,1.923
Shelby Tx,2.191,0.682,1.835
Shenandoah Va,2.191,0.842,1.923
Sherburne Mn,2.351,0.742,1.893
Sheridan Ks,2.351,0.742,1.893
Sheridan Mt,2.191,0.842,1.923
Sheridan Nd,1.217,0.842,1.512
Sheridan Ne,2.351,0.742,1.927
Sherman Ks,2.851,0.742,1.923
Sheridan Wy,2.191,0.842,1.923
Sherman Ne,2.191,0.842,1.923
Sherman Or,2.51,0.812,1.92
Sherman Tx,2.351,0.742,1.892
Shiawassee Mi,2.351,0.742,1.893
Sibley Mn,1.875,0.682,2.351
Shoshone Id,1.931,0.682,2.141
Sierra Ca,2.351,0.742,1.892
Sierra Nm,2.191,0.682,1.923
Silver Bow Mt,2.191,0.842,1.923
Simpson Ky,2.141,0.682,1.923
Simpson Ms,2.351,0.682,1.927
Sioux Ia,2.191,0.842,1.923
Sioux Nd,2.191,0.682,1.923
Sioux Ne,2.381,0.742,1.923
Siskiyou Ca,2.351,0.742,1.892
Sitka Ak,1.817,0.742,2.351
Skagit Wa,2.351,0.742,1.927
Skagway Ak,2.191,0.842,1.923
Skamania Wa,2.351,0.742,1.921
Slope Nd,2.191,0.842,1.923
Smith Ks,2.191,0.842,1.923
Smith Ms,2.191,0.842,1.923
Smith Tn,2.351,0.742,1.892
Smith Tx,2.351,0.742,1.892
Smyth Va,2.351,0.742,1.893
Snohomish Wa,2.191,0.842,1.923
Snyder Pa,2.151,0.742,1.893
Socorro Nm,2.151,0.682,1.923
Solano Ca,2.191,0.842,1.923
Somerset Md,2.191,0.842,1.923
Somerset Me,2.351,0.742,1.892
Somerset Nj,2.381,0.742,1.927
Somerset Pa,2.351,0.842,1.927
Sonoma Ca,2.17,0.842,1.93
Somervell Tx,2.191,0.842,1.923
South Central Connecticut Ct,2.531,0.842,1.917
Southeast Fairbanks Ak,2.191,0.682,1.854
Southampton Va,2.817,0.742,1.923
Southeastern Connecticut Ct,2.531,0.842,1.923
Spalding Ga,2.351,0.742,1.892
Spartanburg Sc,2.351,0.742,1.893
Spencer In,2.351,0.742,1.892
Spencer Ky,1.831,0.682,2.191
Spink Sd,1.921,0.682,2.517
Spokane Wa,2.51,0.742,1.93
Spotsylvania Va,2.191,0.842,1.923
St. Bernard La,2.351,0.742,1.893
St. Charles La,2.191,0.842,1.923
St. Charles Mo,2.191,0.842,1.923
St. Clair Al,2.351,0.742,1.893
St. Clair Il,2.351,0.742,1.892
St. Clair Mi,1.851,0.682,2.193
St. Clair Mo,2.191,0.682,1.923
St. Croix Wi,2.351,0.742,1.893
St. Croix Vi,2.351,0.842,1.927
St. Francis Ar,2.191,0.682,1.923
St. Francois Mo,2.351,0.742,1.893
St. Helena La,2.17,0.842,1.93
St. James La,2.351,0.742,1.892
St. John The Baptist La,2.351,0.742,1.982
St. John Vi,2.191,0.842,1.923
St. Johns Fl,2.17,0.842,1.93
St. Joseph In,2.183,0.742,1.921
St. Joseph Mi,2.381,0.742,1.923
St. Landry La,2.191,0.682,1.923
St. Lawrence Ny,2.531,0.682,1.892
St. Louis Mo,2.531,0.742,1.982
St. Louis Mn,2.351,0.742,1.893
St. Martin La,2.51,0.742,1.93
St. Lucie Fl,2.81,0.742,1.93
St. Mary La,2.381,0.742,1.923
St. Mary'S Md,2.531,0.842,1.982
St. Tammany La,2.191,0.842,1.923
St. Thomas Vi,2.191,0.842,1.923
Stafford Va,2.43,0.812,1.92
Stafford Ks,1.83,0.742,2.11
Stanislaus Ca,2.351,0.742,1.876
Stanley Sd,2.191,0.842,1.923
Stanly Nc,2.351,0.742,1.892
Stanton Ks,2.851,0.742,1.923
Stanton Ne,2.351,0.742,1.892
Stark Il,2.381,0.742,1.923
Stark Nd,2.351,0.742,1.893
Stark Oh,2.191,0.842,1.923
Starke In,2.51,0.682,1.93
Starr Tx,2.191,0.682,1.923
Staunton Va,2.17,0.842,1.93
Ste. Genevieve Mo,2.141,0.682,1.893
Stearns Mn,1.817,0.742,2.351
Steele Mn,2.17,0.842,1.93
Steele Nd,2.381,0.742,1.923
Stephens Ga,2.191,0.682,1.923
Stephens Ok,2.191,0.682,1.835
Stephens Tx,2.51,0.742,1.93
Stephenson Il,2.191,0.842,1.923
Sterling Tx,2.51,0.742,1.93
Steuben In,2.191,0.842,1.923
Steuben Ny,2.141,0.682,1.923
Stevens Ks,2.351,0.742,1.893
Stevens Mn,2.351,0.742,1.892
Stevens Wa,2.381,0.742,1.923
Stewart Ga,2.191,0.682,1.923
Stewart Tn,2.191,0.682,1.923
Stillwater Mt,2.191,0.842,1.923
Stoddard Mo,2.191,0.682,1.923
Stokes Nc,2.351,0.742,1.892
Stone Ar,2.191,0.842,1.923
Stone Mo,2.191,0.842,1.923
Stone Ms,2.191,0.682,1.835
Stonewall Tx,2.151,0.682,1.823
Storey Nv,2.191,0.842,1.923
Story Ia,2.191,0.842,1.923
Strafford Nh,2.381,0.742,1.923
Stutsman Nd,1.851,0.682,2.193
Sublette Wy,2.191,0.842,1.923
Suffolk Ny,2.51,0.842,1.93
Suffolk Ma,2.351,0.842,1.927
Suffolk Va,2.351,0.742,1.892
Sullivan In,2.351,0.742,1.892
Sullivan Mo,2.191,0.682,1.835
Sullivan Nh,2.191,0.842,1.923
Sullivan Pa,2.531,0.742,1.892
Sullivan Ny,2.191,0.682,1.923
Sullivan Tn,2.191,0.682,1.923
Summers Wv,1.921,0.682,2.517
Sully Sd,2.191,0.842,1.923
Summit Co,1.817,0.742,2.351
Summit Oh,1.927,0.842,2.481
Summit Ut,2.191,0.842,1.923
Sumner Ks,2.381,0.742,1.927
Sumner Tn,2.151,0.742,1.823
Sumter Al,1.93,0.682,2.11
Sumter Fl,2.351,0.742,1.892
Sumter Ga,1.921,0.682,2.135
Sumter Sc,2.191,0.682,1.923
Sunflower Ms,2.191,0.682,1.835
Surry Nc,1.817,0.742,2.351
Surry Va,2.51,0.732,1.93
Susquehanna Pa,2.351,0.742,1.892
Sussex De,2.381,0.742,1.892
Sussex Nj,2.517,0.842,1.893
Sussex Va,2.191,0.842,1.93
Sutter Ca,2.351,0.742,1.892
Sutton Tx,2.191,0.842,1.923
Suwannee Fl,2.351,0.742,1.927
Swain Nc,1.851,0.682,2.193
Swains Island As,2.191,0.842,1.923
Sweet Grass Mt,2.191,0.842,1.923
Sweetwater Wy,2.191,0.842,1.923
Swift Mn,2.351,0.742,1.892
Swisher Tx,2.141,0.682,1.923
Switzerland In,2.191,0.842,1.923
Talbot Ga,2.351,0.742,1.892
Talbot Md,2.13,0.842,1.92
Taliaferro Ga,2.151,0.682,1.893
Talladega Al,1.921,0.682,2.117
Tallahatchie Ms,2.191,0.682,1.923
Tallapoosa Al,1.851,0.682,2.193
Tama Ia,2.191,0.682,1.923
Taney Mo,1.817,0.742,2.351
Tangipahoa La,2.51,0.682,1.93
Taos Nm,2.191,0.682,1.835
Tarrant Tx,2.351,0.742,1.893
Tate Ms,1.921,0.682,2.157
Tattnall Ga,2.191,0.682,1.835
Taylor Fl,2.191,0.682,1.923
Taylor Ga,2.51,0.682,1.93
Taylor Ia,2.191,0.842,1.923
Taylor Ky,2.151,0.682,1.923
Taylor Tx,2.351,0.742,1.892
Taylor Wi,2.351,0.742,1.892
Taylor Wv,2.191,0.682,1.835
Tazewell Il,1.921,0.682,2.514
Tazewell Va,2.51,0.732,1.93
Tehama Ca,2.191,0.682,1.923
Telfair Ga,2.151,0.682,1.923
Teller Co,2.191,0.842,1.923
Tensas La,2.191,0.682,1.923
Terrebonne La,2.351,0.742,1.893
Terrell Ga,2.191,0.682,1.923
Terrell Tx,2.191,0.682,1.851
Terry Tx,2.191,0.682,1.923
Teton Id,2.191,0.842,1.923
Teton Mt,2.17,0.842,1.93
Teton Wy,2.191,0.842,1.923
Texas Mo,2.81,0.742,1.93
Texas Ok,2.191,0.842,1.923
Thayer Ne,2.51,0.742,1.93
Thomas Ks,2.191,0.842,1.923
Thomas Ne,2.191,0.842,1.923
Thomas Ga,2.191,0.842,1.923
Thurston Ne,2.191,0.842,1.923
Throckmorton Tx,1.921,0.682,2.117
Thurston Wa,2.191,0.842,1.923
Tift Ga,2.141,0.682,1.923
Tillamook Or,1.817,0.742,2.351
Tillman Ok,2.191,0.682,1.923
Tinian Mp,2.191,0.682,1.923
Tioga Pa,2.531,0.742,1.892
Tioga Ny,2.181,0.742,1.923
Tippah Ms,2.351,0.742,1.923
Tippecanoe In,1.927,0.842,2.191
Tipton In,2.351,0.842,1.927
Tipton Tn,2.351,0.742,1.892
Tishomingo Ms,2.141,0.682,1.923
Titus Tx,2.81,0.742,1.93
Toa Alta Pr,2.191,0.842,1.923
Todd Ky,2.191,0.682,1.835
Toa Baja Pr,2.151,0.682,1.923
Todd Mn,1.831,0.682,2.191
Todd Sd,2.191,0.682,1.835
Tom Green Tx,2.351,0.742,1.892
Tompkins Ny,2.191,0.842,1.923
Tooele Ut,2.351,0.742,1.893
Toole Mt,2.381,0.742,1.923
Toombs Ga,2.531,0.742,1.892
Torrance Nm,1.873,0.682,2.191
Towner Nd,2.191,0.842,1.923
Towns Ga,1.921,0.682,2.514
Traill Nd,2.183,0.742,1.892
Transylvania Nc,2.191,0.682,1.923
Travis Tx,2.17,0.842,1.93
Traverse Mn,2.191,0.842,1.923
Treasure Mt,2.191,0.842,1.923
Trempealeau Wi,1.217,0.842,1.493
Trego Ks,1.851,0.682,2.193
Treutlen Ga,1.851,0.682,2.193
Trigg Ky,2.191,0.682,1.923
Trimble Ky,2.191,0.842,1.923
Trinity Ca,2.351,0.742,1.892
Trinity Tx,2.351,0.742,1.892
Tripp Sd,1.931,0.682,2.117
Troup Ga,2.351,0.742,1.893
Trousdale Tn,2.191,0.842,1.923
Trujillo Alto Pr,2.191,0.842,1.923
Trumbull Oh,2.51,0.742,1.93
Tucker Wv,2.191,0.682,1.923
Tulare Ca,2.351,0.742,1.892
Tulsa Ok,2.351,0.742,1.892
Tunica Ms,2.191,0.682,1.923
Tuolumne Ca,2.191,0.682,1.923
Turner Ga,2.351,0.742,1.892
Turner Sd,2.381,0.742,1.923
Tuscaloosa Al,2.141,0.682,1.923
Tuscarawas Oh,2.381,0.742,1.923
Tuscola Mi,2.351,0.742,1.893
Twiggs Ga,1.927,0.682,2.151
Twin Falls Id,2.191,0.842,1.923
Tyler Tx,2.381,0.742,1.923
Tyler Wv,2.191,0.682,1.923
Tyrrell Nc,2.151,0.682,1.923
Uinta Wy,2.191,0.842,1.923
Uintah Ut,2.51,0.742,1.93
Ulster Ny,2.381,0.742,1.892
Umatilla Or,2.351,0.742,1.893
Unicoi Tn,2.183,0.742,1.951
Union Ar,2.191,0.842,1.923
Union Fl,2.191,0.682,1.835
Union Ga,2.191,0.842,1.923
Union Ia,2.191,0.842,1.923
Union Il,2.351,0.742,1.876
Union In,2.191,0.842,1.923
Union Ky,1.817,0.742,2.351
Union La,2.191,0.842,1.923
Union Ms,1.931,0.682,2.117
Union Nc,2.531,0.842,1.917
Union Nj,2.351,0.842,1.927
Union Nm,2.191,0.682,1.923
Union Oh,2.531,0.742,1.892
Union Or,2.191,0.842,1.937
Union Pa,2.191,0.732,1.982
Union Sd,2.191,0.842,1.923
Union Sc,2.191,0.842,1.923
Union Tn,2.191,0.682,1.923
Upshur Tx,2.51,0.742,1.93
Upshur Wv,2.151,0.682,1.923
Upson Ga,2.381,0.742,1.923
Upton Tx,2.191,0.682,1.923
Utah Ut,2.191,0.842,1.923
Utuado Pr,2.191,0.682,1.923
Uvalde Tx,2.381,0.742,1.923
Val Verde Tx,2.191,0.682,1.923
Valencia Nm,2.381,0.742,1.923
Valley Id,2.581,0.742,1.923
Valley Mt,2.191,0.842,1.923
Valley Ne,2.191,0.842,1.923
Van Buren Ar,2.191,0.682,1.923
Van Buren Ia,2.191,0.842,1.923
Van Buren Mi,1.217,0.842,1.512
Van Buren Tn,2.351,0.742,1.892
Van Wert Oh,1.931,0.682,2.141
Van Zandt Tx,2.191,0.842,1.923
Vance Nc,2.191,0.682,1.835
Vanderburgh In,2.351,0.742,1.893
Vega Alta Pr,2.351,0.742,1.876
Vega Baja Pr,2.191,0.842,1.923
Venango Pa,1.821,0.682,2.191
Ventura Ca,2.531,0.842,1.923
Vermilion Il,2.351,0.742,1.892
Vermillion In,1.817,0.682,2.191
Vermilion La,2.191,0.682,1.923
Vernon La,2.351,0.742,1.893
Vernon Mo,2.191,0.682,1.923
Vernon Wi,2.351,0.742,1.893
Victoria Tx,2.351,0.742,1.892
Vieques Pr,2.191,0.682,1.923
Vigo In,2.351,0.742,1.892
Vilas Wi,2.151,0.742,1.893
Vinton Oh,2.191,0.682,1.93
Villalba Pr,2.151,0.682,1.923
Virginia Beach Va,2.191,0.842,1.928
Volusia Fl,2.351,0.742,1.892
Wabash Il,2.351,0.742,1.923
Wabash In,1.93,0.682,2.11
Wabasha Mn,2.17,0.842,1.93
Wabaunsee Ks,2.191,0.842,1.923
Wadena Mn,2.351,0.742,1.927
Wagoner Ok,2.351,0.782,1.893
Wake Nc,2.191,0.842,1.923
Wahkiakum Wa,1.851,0.682,2.193
Wakulla Fl,2.51,0.742,1.93
Waldo Me,2.191,0.842,1.923
Walker Al,2.191,0.682,1.842
Walker Ga,2.151,0.682,1.923
Walker Tx,2.191,0.842,1.923
Wallace Ks,2.351,0.742,1.892
Waller Tx,2.183,0.742,1.927
Wallowa Or,2.351,0.742,1.893
Walsh Nd,1.817,0.742,2.351
Walthall Ms,2.191,0.682,1.923
Walton Fl,2.351,0.742,1.827
Walton Ga,2.191,0.842,1.923
Walworth Sd,2.191,0.842,1.923
Walworth Wi,2.351,0.742,1.893
Walla Walla Wa,2.851,0.742,1.923
Wapello Ia,2.151,0.682,1.923
Ward Nd,2.191,0.842,1.923
Ward Tx,2.351,0.742,1.892
Ware Ga,2.191,0.682,1.842
Warren Ga,2.351,0.742,1.893
Warren Ia,2.51,0.742,1.93
Warren Il,2.191,0.842,1.923
Warren In,2.141,0.732,1.893
Warren Ky,2.191,0.682,1.923
Warren Ms,2.191,0.682,1.923
Warren Nc,2.191,0.682,1.835
Warren Nj,2.351,0.742,1.927
Warren Ny,2.351,0.742,1.823
Warren Oh,2.191,0.842,1.923
Warren Pa,2.351,0.742,1.892
Warren Tn,2.191,0.682,1.923
Warren Va,2.191,0.842,1.923
Warrick In,1.281,0.742,1.047
Warren Mo,2.351,0.742,1.893
Wasatch Ut,2.191,0.842,1.923
Wasco Or,2.191,0.842,1.923
Waseca Mn,2.351,0.742,1.927
Washakie Wy,2.351,0.742,1.892
Washburn Wi,2.191,0.842,1.923
Washington Al,2.351,0.742,1.892
Washington Ar,2.191,0.842,1.923
Washington Fl,2.191,0.842,1.923
Washington Ga,2.191,0.682,1.835
Washington Ia,1.83,0.742,2.11
Washington Id,2.191,0.842,1.923
Washington Il,2.15,0.732,1.83
Washington In,2.191,0.842,1.923
Washington Ks,2.191,0.842,1.923
Washington Ky,2.351,0.742,1.892
Washington La,2.381,0.742,1.923
Washington Md,2.351,0.742,1.893
Washington Co,2.381,0.742,1.923
Washington Me,2.351,0.842,1.927
Washington Mn,1.927,0.842,2.191
Washington Mo,2.851,0.742,1.923
Washington Ms,2.351,0.742,1.892
Washington Nc,2.191,0.682,1.923
Washington Ne,2.381,0.742,1.923
Washington Ny,2.351,0.742,1.893
Washington Ok,2.191,0.842,1.923
Washington Or,2.531,0.842,1.923
Washington Pa,2.191,0.682,1.923
Washington Ri,2.191,0.842,1.923
Washington Tn,2.351,0.742,1.892
Washington Tx,2.191,0.842,1.923
Washington Ut,2.191,0.842,1.923
Washington Va,2.191,0.842,1.923
Washington Vt,1.817,0.742,2.351
Washington Oh,2.351,0.742,1.892
Washington Wi,2.191,0.842,1.923
Washita Ok,2.191,0.682,1.923
Washoe Nv,2.381,0.742,1.923
Washtenaw Mi,2.43,0.812,1.92
Watauga Nc,2.351,0.742,1.892
Watonwan Mn,2.191,0.842,1.923
Waukesha Wi,1.217,0.842,1.512
Waupaca Wi,2.191,0.842,1.923
Waushara Wi,2.351,0.742,1.892
Wayne Ia,2.351,0.742,1.892
Wayne Il,2.191,0.682,1.923
Wayne In,2.351,0.742,1.892
Wayne Ky,2.191,0.682,1.835
Wayne Mi,2.351,0.742,1.893
Wayne Mo,2.351,0.742,1.892
Wayne Ms,2.191,0.682,1.923
Wayne Nc,2.141,0.682,1.923
Wayne Ne,2.51,0.742,1.87
Wayne Ga,2.191,0.682,1.923
Wayne Ny,2.141,0.682,1.923
Wayne Oh,1.93,0.682,2.11
Wayne Pa,2.351,0.742,1.893
Wayne Tn,2.141,0.682,1.923
Wayne Ut,2.191,0.842,1.923
Wayne Wv,2.191,0.682,1.923
Weakley Tn,1.851,0.682,2.193
Webb Tx,2.351,0.742,1.892
Weber Ut,2.191,0.842,1.938
Webster Ga,2.151,0.682,1.923
Webster Ia,2.191,0.842,1.923
Webster Ky,2.191,0.682,1.923
Webster La,2.191,0.682,1.923
Webster Mo,2.151,0.682,1.923
Webster Ms,2.191,0.682,1.923
Waynesboro Va,2.381,0.742,1.927
Webster Ne,2.581,0.742,1.93
Weld Co,2.191,0.842,1.923
Webster Wv,2.191,0.682,1.923
Wells In,2.351,0.742,1.892
Wells Nd,2.191,0.842,1.923
West Baton Rouge La,2.191,0.842,1.923
West Feliciana La,2.43,0.812,1.92
Westchester Ny,2.351,0.742,1.892
Western Connecticut Ct,2.351,0.842,1.927
Western As,2.191,0.842,1.923
Westmoreland Pa,2.351,0.742,1.893
Westmoreland Va,2.51,0.682,1.93
Weston Wy,2.191,0.842,1.923
Wetzel Wv,2.191,0.682,1.923
West Carroll La,2.191,0.682,1.835
Wexford Mi,2.191,0.842,1.923
Wharton Tx,2.381,0.742,1.923
Whatcom Wa,2.351,0.742,1.892
Wheatland Mt,1.921,0.682,2.151
Wheeler Ga,2.351,0.742,1.893
Wheeler Ne,2.191,0.682,1.923
Wheeler Or,2.51,0.742,1.93
Wheeler Tx,2.191,0.682,1.923
White Ar,2.191,0.842,1.923
White Il,2.191,0.842,1.923
White In,2.191,0.842,1.923
White Pine Nv,2.351,0.742,1.892
White Tn,2.351,0.742,1.892
Whiteside Il,2.191,0.842,1.923
Whitfield Ga,2.191,0.682,1.923
Whitley In,2.381,0.742,1.927
Whitley Ky,2.191,0.682,1.923
Whitman Wa,2.191,0.842,1.923
White Ga,2.151,0.682,1.823
Wibaux Mt,2.191,0.842,1.923
Wichita Ks,2.351,0.742,1.893
Wichita Tx,2.351,0.742,1.892
Wicomico Md,2.191,0.682,1.923
Wilbarger Tx,2.351,0.742,1.893
Wilcox Al,2.191,0.682,1.923
Wilcox Ga,2.191,0.682,1.835
Wilkes Ga,2.191,0.682,1.835
Wilkes Nc,2.351,0.742,1.893
Wilkinson Ga,1.817,0.742,2.351
Wilkinson Ms,2.191,0.682,1.923
Will Il,2.191,0.842,1.923
Willacy Tx,2.191,0.682,1.835
Williams Nd,2.191,0.842,1.923
Williams Oh,2.351,0.742,1.927
Williamsburg Sc,2.381,0.742,1.923
Williamsburg Va,2.191,0.842,1.923
Williamson Il,1.876,0.742,2.351
Wilkin Mn,2.191,0.842,1.923
Williamson Tn,2.17,0.842,1.93
Williamson Tx,2.351,0.842,1.927
Wilson Ks,2.141,0.682,1.927
Wilson Nc,2.351,0.742,1.893
Wilson Tn,2.191,0.842,1.923
Wilson Tx,2.351,0.742,1.892
Winchester Va,2.351,0.742,1.893
Windham Vt,2.381,0.742,1.927
Windsor Vt,2.17,0.842,1.93
Winn La,2.151,0.682,1.923
Winnebago Ia,2.381,0.742,1.923
Winnebago Il,2.141,0.732,1.923
Winnebago Wi,2.51,0.742,1.93
Winneshiek Ia,2.191,0.842,1.923
Winona Mn,2.17,0.842,1.93
Winston Al,2.381,0.742,1.923
Winston Ms,2.191,0.682,1.923
Wirt Wv,2.51,0.682,1.93
Wise Tx,2.351,0.842,1.927
Winkler Tx,2.141,0.682,1.923
Wise Va,2.351,0.742,1.893
Wolfe Ky,2.191,0.682,1.853
Wood Oh,2.191,0.842,1.923
Wood Tx,1.817,0.742,2.351
Wood Wi,2.191,0.842,1.923
Wood Wv,2.191,0.682,1.835
Woodbury Ia,1.927,0.842,2.191
Woodford Ky,2.351,0.842,1.927
Woodruff Ar,2.191,0.682,1.923
Woods Ok,2.51,0.742,1.93
Woodson Ks,1.851,0.682,2.193
Woodward Ok,2.191,0.682,1.923
Worcester Ma,2.191,0.842,1.923
Worcester Md,2.191,0.682,1.923
Worth Ga,2.381,0.742,1.923
Worth Ia,2.351,0.742,1.892
Woodford Il,2.17,0.842,1.93
Worth Mo,2.151,0.742,1.893
Wrangell Ak,2.351,0.742,1.892
Wright Mn,2.191,0.842,1.923
Wright Mo,2.351,0.742,1.892
Wright Ia,2.191,0.842,1.923
Wyandotte Ks,2.351,0.742,1.927
Wyandot Oh,1.927,0.682,2.151
Wyoming Pa,2.191,0.842,1.923
Wyoming Wv,2.351,0.742,1.893
Wythe Va,2.351,0.742,1.892
Yabucoa Pr,2.191,0.682,1.854
Yadkin Nc,1.921,0.682,2.115
Yakima Wa,2.351,0.742,1.893
Yakutat Ak,2.191,0.842,1.923
Yalobusha Ms,2.191,0.682,1.842
Wyoming Ny,1.921,0.682,2.115
Yamhill Or,2.191,0.842,1.923
Yancey Nc,2.531,0.842,1.927
Yankton Sd,2.351,0.742,1.893
Yates Ny,2.191,0.842,1.923
Yauco Pr,2.191,0.682,1.843
Yavapai Az,2.191,0.842,1.923
Yazoo Ms,2.191,0.682,1.923
Yell Ar,2.191,0.682,1.923
Yellow Medicine Mn,2.351,0.742,1.892
Yellowstone Mt,2.191,0.842,1.923
Yoakum Tx,2.351,0.742,1.892
Yolo Ca,2.51,0.742,1.93
York Me,2.191,0.842,1.923
York Ne,2.191,0.842,1.923
York Pa,2.351,0.742,1.927
York Sc,2.191,0.842,1.923
York Va,2.191,0.842,1.923
Young Tx,2.381,0.742,1.923
Yuba Ca,2.191,0.842,1.923
Yukon-Koyukuk Ak,2.141,0.682,1.927
Yuma Co,2.191,0.842,1.923
Zapata Tx,2.191,0.682,1.935
Zavala Tx,2.191,0.682,1.923
Ziebach Sd,2.191,0.682,1.923
72149,2.191,0.842,1.923
72151,2.17,0.842,1.93
72153,2.191,0.842,1.923
78010,2.191,0.842,1.923
78020,2.191,0.842,1.923
Yuma Az,2.351,0.682,1.893
78030,2.191,0.842,1.923
